id, face, hat, clothes
4000, ninja black, bucket hat blue, sweater green chain
4001, sunglasses blue, sunhat tan, tshirt red
4002, owo, bucket hat blue, buttondown red flannel
4003, unamused, hat skull, work blue
4004, ditto, beret pink, tshirt white
4005, smirk, unicorn horn, tshirt yellow
4006, sunglasses cool, mohawk purple, buttondown tan
4007, tired, beanie orange, tanktop orange
4008, mononoke, beret green, shirt yellow
4009, sunglasses cool, headband red, shirt yellow
4010, ninja red, afro rainbow unicorn, knight black
4011, sunglasses blue, hat visor yellow, tshirt blue
4012, pixel, wreath flowers, overalls flannel
4013, three eyes, bucket hat tan, bandana green
4014, sunglasses cool, admiral, robe white
4015, dizzy, mullet brown, winter red
4016, dizzy, afro black, bandana green
4017, stunned, beret black, tanktop sailor black
4018, beard tan, astro fishbowl, tshirt green
4019, shocked, crown fire, knight black
4020, angry cute, apple, bandana red
4021, wink, hat visor blue, sweater black
4022, wink, hat skull, tanktop sailor blue
4023, dizzy, tvhead grey, overalls blue
4024, sunglasses cowboy, headband red, overalls red
4025, sunglasses pixel, wreath flowers, ninja red
4026, rich, top hat, robe red
4027, smirk, bucket hat green, buttondown green
4028, glossy, knight red, viking navy
4029, wink, beanie black, epaulette white
4030, happy cute, sunhat tan, tshirt green
4031, sunglasses cowboy, candle, work blue
4032, zombie, helm army, costume hotdog
4033, angry cute, dutch, sweater green chain
4034, grin, mohawk red, tanktop pink
4035, double face, hat black, epaulette black
4036, ninja red, ninja red, tanktop sailor blue
4037, ninja blue, antlers, bandana red
4038, unamused, beanie orange, buttondown tan
4039, hearts, cowboy brown, buttondown tan
4040, uwu, hat black, tanktop tattoo
4041, beard tan, admiral, gown black
4042, wink, hat black, winter blue
4043, rich, flower blue, overalls pink
4044, double face, arrowhead, tanktop white
4045, beard brown, mohawk purple, nurse
4046, zombie, helm biker, buttondown blue flannel
4047, stunned, flower red, robe blue
4048, stunned, arrowhead, tshirt pink
4049, glasses funny, sunhat black, epaulette red
4050, beard pirate, mohawk green, buttondown black flannel
4051, mononoke, afro rainbow unicorn, robe king
4052, glossy, bucket hat tan, winter red
4053, face face, piercings, tshirt pink
4054, sunglasses heart, bucket hat tan, bandana green
4055, sunglasses heart, hat white, tshirt white
4056, glossy, halo, combat green
4057, smirk, beret red, combat black
4058, unamused, ninja red, tshirt red
4059, sunglasses cowboy, arrowhead, bandana purple
4060, smirk, bucket hat green, tanktop orange
4061, three eyes, helm army, toga
4062, dizzy, flower red, tanktop sailor blue
4063, wink, wreath, tshirt pink
4064, angry scar, ninja red, hoodie black
4065, smirk, flower pink, overalls blue
4066, sunglasses cool, candle, tanktop white
4067, beard brown, cowboy brown, tshirt red
4068, three eyes, mohawk green, robe red
4069, hearts, hat white, tshirt white
4070, sunglasses pixel, beret red, shirt yellow
4071, smirk, antlers, buttondown red flannel
4072, unamused, hat visor yellow, pirate red
4073, angry scar, headband red, tshirt blue
4074, uwu, unicorn horn, tanktop orange
4075, ninja blue, knight black, epaulette white
4076, rich, sushi, combat green
4077, sunglasses heart, astro, tshirt yellow
4078, glossy, flower blue, tshirt white
4079, ninja black, headband red, work blue
4080, wink, bucket hat blue, cowboy black
4081, sunglasses pixel, bucket hat tan, overalls blue
4082, grin, sunhat tan, tanktop pink
4083, rich, mohawk purple, tshirt yellow
4084, sunglasses pixel, wreath, work blue
4085, tvface 404, tvhead purple, astro
4086, angry cute, apple, overalls blue
4087, wink, hat white, combat black
4088, tired, piercings, bandana red
4089, mummy, beanie orange, overalls blue
4090, sunglasses pixel, cowboy brown, sweater pink
4091, uwu, mohawk green, buttondown blue flannel
4092, mononoke, knight blue, buttondown black flannel
4093, sunglasses cowboy, piercings, tanktop orange
4094, happy cute, headband red, bandana green
4095, angry, horns, costume gorilla
4096, ninja black, cupcake, toga
4097, beard tan, bucket hat green, tshirt white
4098, shocked, cowboy brown, bandana green
4099, happy cute, unicorn horn, labcoat
4100, beard tan, bucket hat white, buttondown tan
4101, sunglasses squad, arrowhead, bandana green
4102, dizzy, mohawk green, sweater orange
4103, pixel, visor purple, bandana green
4104, beard brown, cowboy brown, tanktop pink
4105, sunglasses blue, candle, bandana purple
4106, sunglasses blue, bow, ninja black
4107, ninja blue, cupcake, tshirt white
4108, glasses, bucket hat green, work blue
4109, double face, afro brown, robe white
4110, grin, helm army, sweater black
4111, owo, hat white, buttondown black flannel
4112, angry scar, deepsea orange, deepsea bronze
4113, ninja black, hat white, ninja black
4114, angry, costume dragon, buttondown black flannel
4115, unamused, hat visor yellow, robe red
4116, mummy, visor green, tshirt blue
4117, ditto, costume frog, wetsuit
4118, beard tan, mohawk green, tanktop sailor blue
4119, ninja blue, bucket hat tan, buttondown green
4120, angry cute, wreath flowers, sweater green chain
4121, double face, beret red, knight
4122, glasses, afro brown, shirt yellow
4123, sunglasses cowboy, tvhead grey, winter blue
4124, shocked, candle, sweater orange
4125, angry scar, knight red, buttondown black flannel
4126, pixel, beret pink, bandana red
4127, angry cute, beret black, sweater orange
4128, three eyes, prince, lederhosen
4129, ninja blue, prince, chain
4130, sunglasses cool, cupcake, tshirt pink
4131, ninja blue, arrowhead, bandana red
4132, shocked, arrowhead, tanktop white
4133, happy cute, sunhat tan, tanktop orange
4134, glossy, sunhat tan, buttondown green
4135, derp, headband red, tanktop sailor blue
4136, tired, flower pink, ninja red
4137, zombie, knight red, tanktop tattoo
4138, sunglasses cool, beret green, tanktop sailor black
4139, rich, top hat, overalls yellow
4140, sunglasses heart, prince, ninja black
4141, sunglasses yellow, prince, astro
4142, wink, afro black, tanktop tattoo
4143, grin, hat white, tanktop orange
4144, sunglasses cool, beret red, ninja red
4145, beard pirate, beret green, tanktop orange
4146, ditto, cowboy brown, costume frog
4147, hearts, sunhat tan, epaulette white
4148, sunglasses yellow, beanie black, viking navy
4149, sunglasses yellow, goggles seaweed, tshirt yellow
4150, stunned, mohawk purple, tshirt pink
4151, unamused, knight black, costume frog
4152, mononoke, piercings, tshirt yellow
4153, happy, cowboy brown, overalls flannel
4154, sunglasses yellow, hat visor yellow, overalls pink
4155, wink, crown black, hoodie black
4156, ninja black, beret green, overalls red
4157, owo, beanie red, tshirt pink
4158, happy cute, beanie blue, tshirt blue
4159, tired, mohawk green, hoodie black
4160, beard tan, hat visor yellow, ninja red
4161, shocked, afro brown, robe white
4162, pixel, antlers, tanktop pink
4163, mummy, bucket hat white, costume dragon
4164, sunglasses heart, helm silver, knight
4165, sunglasses cowboy, deepsea orange, winter red
4166, tired, helm biker, baseball blue
4167, sunglasses pixel, astro cheeks, punk
4168, sunglasses pixel, dutch, tanktop orange
4169, happy cute, costume gorilla, viking navy
4170, mummy, sushi, shirt white
4171, beard brown, ninja blue, robe white
4172, beard brown, beanie blue, buttondown green
4173, ninja black, hat white, bandana red
4174, face face, ninja red, hoodie purple
4175, tired, beanie red, winter red
4176, beard pirate, beanie red, tshirt yellow
4177, mummy, dutch, punk
4178, rich, visor green, ninja black
4179, sunglasses pixel, prince, monk
4180, glasses, antlers, overalls flannel
4181, sunglasses cowboy, helm biker, astro orange
4182, hearts, bucket hat green, work blue
4183, tvface xp, tvhead white, costume dragon
4184, sunglasses heart, helm silver, tshirt blue
4185, three eyes, candle, sweater pink
4186, face face, unicorn horn, tshirt metal
4187, beard brown, flower blue, tshirt pink
4188, glasses, afro brown, wetsuit
4189, smirk, mohawk green, overalls pink
4190, beard tan, admiral pink, hoodie black
4191, shocked, arrowhead, tshirt white
4192, derp, beanie red, hoodie black
4193, grin, admiral, mononoke
4194, glasses, halo fire, overalls red
4195, double face, mohawk purple, tshirt green
4196, beard tan, ninja black, work blue
4197, happy cute, knight blue, buttondown blue flannel
4198, unamused, beanie red, overalls pink
4199, sunglasses pixel, bucket hat green, shirt white
4200, beard pirate, flower red, hoodie purple
4201, sunglasses blue, mullet brown, labcoat
4202, sunglasses squad, beret black, hoodie purple
4203, double face, headband red, work blue
4204, beard brown, pirate red, pirate black
4205, wink, tvhead purple, costume gorilla
4206, dizzy, wreath, chain
4207, uwu, flower red, tanktop sailor red
4208, rich, flower red, bandana red
4209, three eyes, horns, costume hotdog
4210, ditto, sunhat tan, lederhosen
4211, happy, wreath, robe red
4212, ninja black, mohawk red, sweater orange
4213, glasses, hat skull, tshirt white
4214, glasses funny, top hat, robe red
4215, glossy, mullet blonde, tanktop white
4216, happy, visor green, buttondown black flannel
4217, zombie, astro, sweater green chain
4218, derp, bucket hat white, bandana purple
4219, sunglasses pixel, mohawk red, combat black
4220, pixel, knight red, tanktop orange
4221, happy, hat white, bandana green
4222, ninja black, bucket hat tan, tshirt yellow
4223, rich, beanie black, baseball blue
4224, uwu, dutch, astro
4225, angry, piercings, tanktop pink
4226, sunglasses blue, bucket hat green, tshirt pink
4227, hearts, antlers, tshirt red
4228, double face, piercings, sweater pink
4229, zombie, apple, winter red
4230, sunglasses cowboy, wreath, pirate black
4231, mononoke, helm silver, ninja blue
4232, hearts, beret pink, overalls flannel
4233, dizzy, tvhead grey, buttondown black flannel
4234, ninja blue, beret green, buttondown tan
4235, mononoke, goggles seaweed, costume frog
4236, wink, hat white, buttondown blue flannel
4237, hearts, deepsea bronze, costume gorilla
4238, derp, antlers, ninja blue
4239, three eyes, halo fire, sweater pink
4240, uwu, visor purple, costume gorilla
4241, ninja red, bucket hat green, winter red
4242, sunglasses cool, ninja black, lederhosen
4243, glossy, candle, tshirt green
4244, ditto, cowboy brown, mononoke
4245, angry cute, bucket hat tan, epaulette red
4246, ditto, cowboy brown, overalls flannel
4247, ditto, headband blue, bandana purple
4248, double face, flower red, winter red
4249, unamused, beret red, robe red
4250, derp, hat visor yellow, buttondown black flannel
4251, three eyes, headband red, pirate red
4252, three eyes, helm biker, costume gorilla
4253, double face, crown black, viking navy
4254, dizzy, astro cheeks, astro orange
4255, sunglasses cowboy, sunhat tan, viking navy
4256, zombie, bucket hat green, pirate black
4257, ditto, unicorn horn, winter red
4258, beard brown, antlers, tshirt yellow
4259, mononoke, pirate black, lederhosen
4260, ninja blue, prince, tanktop pink
4261, three eyes, top hat, tanktop orange
4262, double face, goggles seaweed, tanktop sailor black
4263, sunglasses heart, mohawk purple, robe white
4264, ninja red, wreath, buttondown blue flannel
4265, sunglasses heart, nurse, viking brown
4266, happy cute, beret pink, bandana green
4267, angry cute, beanie red, tanktop pink
4268, stunned, bucket hat green, astro orange
4269, hearts, beret green, buttondown blue flannel
4270, angry, ninja blue, tanktop white
4271, angry, headband blue, baseball red
4272, angry, apple, knight leather
4273, ninja red, flower pink, bandana purple
4274, sunglasses squad, mohawk green, shirt yellow
4275, ninja blue, costume dragon, toga
4276, stunned, bucket hat white, work blue
4277, sunglasses yellow, hat visor yellow, gown black
4278, glasses funny, antlers, work blue
4279, uwu, mohawk purple, shirt yellow
4280, sunglasses yellow, halo fire, tshirt blue
4281, happy cute, hat visor yellow, buttondown black flannel
4282, three eyes, knight red, sweater green chain
4283, mummy, top hat, shirt white
4284, angry scar, apple, overalls blue
4285, hearts, flower blue, ninja blue
4286, unamused, bow, buttondown green
4287, ditto, visor green, buttondown blue flannel
4288, uwu, bucket hat tan, tshirt pink
4289, sunglasses pixel, cowboy brown, tanktop sailor red
4290, unamused, sunhat tan, tshirt yellow
4291, stunned, tvhead white, tanktop orange
4292, happy cute, beret green, tshirt yellow
4293, rich, afro brown, winter blue
4294, derp, costume gorilla, shirt yellow
4295, derp, piercings, bandana purple
4296, sunglasses heart, arrowhead, tanktop orange
4297, sunglasses blue, ninja red, robe king
4298, glossy, hat visor yellow, sweater orange
4299, shocked, pirate red, tshirt yellow
4300, mononoke, hat visor yellow, overalls flannel
4301, wink, antlers, overalls pink
4302, dizzy, bucket hat tan, baseball red
4303, sunglasses pixel, apple, sweater pink
4304, smirk, candle, tanktop orange
4305, shocked, afro brown, baseball red
4306, glasses funny, apple, shirt white
4307, double face, astro cheeks, cowboy brown
4308, beard pirate, horns, pirate black
4309, rich, bow, overalls yellow
4310, beard brown, beret pink, shirt white
4311, zombie, dutch, combat black
4312, zombie, bow, baseball red
4313, ninja red, beanie blue, tshirt white
4314, hearts, flower pink, tanktop sailor black
4315, sunglasses blue, mohawk purple, buttondown black flannel
4316, unamused, hat skull, ninja blue
4317, ditto, afro black, work blue
4318, sunglasses pixel, candle, viking navy
4319, sunglasses yellow, apple, hoodie purple
4320, unamused, flower red, combat black
4321, sunglasses pixel, prince, cowboy black
4322, hearts, piercings, lederhosen
4323, sunglasses heart, pirate black, robe white
4324, sunglasses cool, mohawk green, tanktop orange
4325, mummy, mohawk purple, tanktop orange
4326, sunglasses cowboy, crown fire, robe king
4327, happy cute, hat white, overalls pink
4328, sunglasses blue, beret red, tshirt red
4329, angry cute, hat skull, shirt yellow
4330, ninja blue, hat black, toga
4331, tired, astro, overalls blue
4332, sunglasses heart, mohawk green, buttondown blue flannel
4333, rich, beret black, tshirt green
4334, angry cute, nurse, astro orange
4335, grin, candle, tshirt blue
4336, sunglasses blue, bucket hat tan, tanktop sailor blue
4337, three eyes, mohawk red, tshirt pink
4338, three eyes, mullet blonde, overalls yellow
4339, sunglasses squad, visor green, deepsea orange
4340, glasses funny, beret green, work blue
4341, ninja blue, beanie blue, shirt yellow
4342, stunned, hat skull, tanktop pink
4343, grin, flower red, winter red
4344, hearts, mohawk purple, work red
4345, rich, halo fire, costume gorilla
4346, angry, beanie red, buttondown blue flannel
4347, ninja blue, wreath, robe blue
4348, sunglasses blue, sunhat black, buttondown black flannel
4349, mummy, piercings, bandana red
4350, double face, ninja red, shirt yellow
4351, three eyes, beret pink, baseball blue
4352, dizzy, hat skull, tanktop tattoo
4353, beard pirate, admiral, overalls pink
4354, sunglasses cowboy, nurse, labcoat
4355, derp, piercings, robe red
4356, tired, tvhead white, monk
4357, happy, beret pink, shirt yellow
4358, tired, helm bronze, robe blue
4359, sunglasses cowboy, wreath flowers, tanktop pink
4360, grin, mohawk red, overalls flannel
4361, angry scar, knight red, robe blue
4362, wink, beanie orange, sweater black
4363, glossy, bow, hoodie red
4364, glasses funny, bucket hat tan, overalls blue
4365, happy cute, headband red, bandana red
4366, three eyes, halo fire, tiger
4367, sunglasses squad, hat visor blue, astro orange
4368, owo, flower red, tshirt yellow
4369, glasses funny, sunhat tan, viking brown
4370, sunglasses heart, beret red, overalls yellow
4371, angry scar, bucket hat white, tanktop tattoo
4372, angry cute, antlers, bandana purple
4373, ninja blue, ninja red, robe blue
4374, uwu, hat visor yellow, shirt yellow
4375, sunglasses pixel, nurse, pirate black
4376, grin, admiral, tshirt pink
4377, sunglasses cowboy, beret pink, tanktop white
4378, glasses, cowboy black, hoodie red
4379, sunglasses pixel, astro fishbowl, combat black
4380, happy, beret red, sweater black
4381, rich, ninja black, robe red
4382, mummy, afro brown, buttondown tan
4383, zombie, halo, buttondown red flannel
4384, beard brown, deepsea orange, astro
4385, three eyes, cowboy black, viking brown
4386, tvface xp, tvhead purple, combat black
4387, glasses, antlers, tshirt yellow
4388, face face, knight red, punk
4389, happy, sunhat tan, costume frog
4390, ninja blue, pirate black, gown white
4391, three eyes, antlers, tanktop pink
4392, shocked, beanie red, hoodie purple
4393, sunglasses blue, costume frog, buttondown blue flannel
4394, sunglasses cowboy, headband blue, tshirt red
4395, sunglasses cool, beret black, robe white
4396, grin, beanie red, shirt white
4397, happy cute, headband red, overalls pink
4398, stunned, deepsea bronze, bandana green
4399, dizzy, bucket hat white, tanktop pink
4400, sunglasses heart, hat visor blue, overalls flannel
4401, double face, arrowhead, overalls pink
4402, ditto, mohawk green, tshirt pink
4403, ditto, costume frog, viking navy
4404, sunglasses cowboy, mullet brown, combat green
4405, glasses funny, arrowhead, robe blue
4406, owo, astro fishbowl, astro orange
4407, sunglasses pixel, pirate black, baseball blue
4408, angry, beanie blue, tanktop orange
4409, angry scar, halo, sweater pink
4410, rich, sunhat white, viking navy
4411, sunglasses yellow, tvhead grey, monk
4412, tired, flower blue, tshirt red
4413, hearts, beanie red, bandana purple
4414, owo, bow, robe white
4415, beard tan, ninja blue, tanktop white
4416, sunglasses cool, bucket hat tan, robe red
4417, three eyes, sunhat black, tanktop orange
4418, sunglasses cool, beret green, bandana red
4419, derp, mullet brown, tshirt green
4420, mononoke, afro black, shirt yellow
4421, zombie, top hat, sweater pink
4422, wink, beret green, tshirt metal
4423, zombie, costume frog, monk
4424, beard pirate, mullet blonde, buttondown green
4425, happy, wreath, tshirt metal
4426, beard pirate, wreath, buttondown black flannel
4427, pixel, visor purple, costume gorilla
4428, dizzy, helm silver, sweater black
4429, beard tan, headband blue, overalls flannel
4430, owo, pirate red, buttondown tan
4431, angry scar, hat visor yellow, robe red
4432, glossy, mohawk red, work red
4433, mononoke, beret pink, astro black
4434, rich, headband red, buttondown black flannel
4435, sunglasses yellow, wreath, epaulette red
4436, mononoke, knight blue, shirt white
4437, stunned, wreath, overalls red
4438, three eyes, beanie orange, ninja red
4439, beard pirate, cupcake, gown purple
4440, angry cute, costume dragon, costume dragon
4441, sunglasses squad, piercings, buttondown red flannel
4442, glossy, beret red, sweater orange
4443, rich, candle, tshirt yellow
4444, ninja blue, mullet blonde, epaulette red
4445, wink, costume dragon, pirate red
4446, happy cute, bucket hat white, tanktop pink
4447, face face, piercings, robe blue
4448, ninja red, headband red, tshirt metal
4449, ninja blue, wreath, ninja blue
4450, angry scar, horns, tshirt red
4451, mummy, mullet brown, hoodie red
4452, hearts, wreath, gown white
4453, angry scar, antlers, tanktop orange
4454, beard brown, flower pink, robe blue
4455, sunglasses squad, pirate black, tshirt metal
4456, ditto, afro rainbow unicorn, combat black
4457, grin, ninja red, tanktop sailor black
4458, sunglasses blue, afro brown, tshirt pink
4459, uwu, beanie red, tanktop white
4460, ninja blue, helm biker, costume frog
4461, face face, dutch, bandana red
4462, unamused, hat visor yellow, bandana purple
4463, uwu, mohawk red, pirate red
4464, beard pirate, visor green, viking navy
4465, angry, flower red, tanktop orange
4466, sunglasses blue, mullet brown, tanktop sailor black
4467, unamused, admiral pink, costume dragon
4468, ninja black, mohawk green, winter red
4469, stunned, visor purple, shirt bowtie
4470, glasses funny, flower pink, hoodie purple
4471, tired, beret pink, wetsuit
4472, angry, flower pink, tshirt red
4473, ninja blue, flower red, buttondown black flannel
4474, ninja red, visor green, tiger
4475, face face, bucket hat tan, winter blue
4476, sunglasses cowboy, piercings, work red
4477, tvface xp, tvhead grey, winter red
4478, face face, crown fire, combat black
4479, glasses funny, arrowhead, tshirt pink
4480, zombie, mullet brown, ninja blue
4481, unamused, candle, tanktop pink
4482, ditto, halo, combat black
4483, mummy, ninja red, tshirt metal
4484, happy cute, flower pink, bandana purple
4485, angry cute, wreath, sweater pink
4486, sunglasses yellow, hat visor yellow, pirate black
4487, glasses funny, headband blue, sweater black
4488, double face, mohawk purple, tanktop pink
4489, owo, candle, hoodie black
4490, pixel, beanie red, shirt white
4491, derp, beanie red, winter red
4492, double face, nurse, lederhosen
4493, glasses funny, bucket hat blue, baseball red
4494, sunglasses cool, cupcake, shirt bowtie
4495, happy, headband red, tshirt yellow
4496, mononoke, headband blue, work red
4497, shocked, bucket hat blue, astro orange
4498, unamused, flower red, tanktop orange
4499, wink, mohawk purple, tshirt green
4500, tired, mohawk purple, tshirt red
4501, three eyes, costume frog, mononoke
4502, uwu, sunhat tan, tanktop pink
4503, angry, beanie orange, buttondown tan
4504, shocked, beret green, tanktop pink
4505, beard tan, headband blue, tshirt green
4506, mummy, mohawk red, overalls blue
4507, ninja blue, astro cheeks, epaulette white
4508, mummy, hat white, buttondown tan
4509, owo, afro brown, robe blue
4510, angry cute, cowboy brown, robe white
4511, mononoke, sunhat tan, knight leather
4512, face face, costume dragon, monk
4513, ninja red, sunhat white, toga
4514, uwu, bucket hat tan, robe blue
4515, owo, antlers, work red
4516, sunglasses cowboy, beanie orange, buttondown tan
4517, derp, hat visor yellow, ninja red
4518, beard pirate, piercings, robe red
4519, owo, hat visor yellow, chain
4520, happy, beret red, tshirt green
4521, sunglasses yellow, hat visor yellow, work blue
4522, glasses funny, bucket hat green, overalls yellow
4523, ninja blue, wreath flowers, tanktop orange
4524, unamused, helm bronze, hoodie red
4525, double face, afro rainbow unicorn, sweater green chain
4526, wink, cowboy black, pirate black
4527, owo, goggles seaweed, tshirt pink
4528, stunned, afro brown, tanktop pink
4529, angry scar, sushi, epaulette red
4530, ninja red, astro fishbowl, chain
4531, angry scar, beanie red, sweater green chain
4532, owo, wreath flowers, robe red
4533, unamused, mullet brown, shirt bowtie
4534, angry scar, crown black, epaulette black
4535, angry cute, flower pink, tanktop orange
4536, double face, headband red, tshirt yellow
4537, grin, visor green, winter red
4538, sunglasses heart, goggles seaweed, viking navy
4539, ditto, mohawk green, buttondown black flannel
4540, sunglasses squad, sushi, epaulette red
4541, ditto, mullet blonde, knight leather
4542, face face, mullet brown, tanktop pink
4543, tired, horns, tanktop orange
4544, sunglasses pixel, beret black, tshirt yellow
4545, angry, knight red, baseball red
4546, pixel, wreath, robe red
4547, grin, ninja black, buttondown tan
4548, dizzy, knight red, tshirt yellow
4549, happy, tvhead grey, knight leather
4550, shocked, beanie orange, tshirt red
4551, smirk, apple, bandana purple
4552, three eyes, mohawk green, tshirt red
4553, unamused, headband blue, cowboy black
4554, smirk, helm biker, nurse
4555, glasses, antlers, robe blue
4556, grin, flower blue, robe blue
4557, derp, beanie orange, ninja blue
4558, hearts, helm bronze, toga
4559, derp, mohawk green, tanktop orange
4560, pixel, hat white, tanktop white
4561, uwu, astro cheeks, costume gorilla
4562, sunglasses pixel, flower blue, sweater orange
4563, beard brown, beret red, sweater black
4564, double face, arrowhead, tshirt pink
4565, sunglasses cowboy, piercings, viking brown
4566, sunglasses yellow, beret green, hoodie red
4567, beard brown, hat skull, overalls blue
4568, sunglasses pixel, beret black, gown purple
4569, glasses funny, wreath, shirt white
4570, angry cute, beret red, tshirt green
4571, happy, piercings, hoodie red
4572, dizzy, arrowhead, costume dragon
4573, mummy, bucket hat white, bandana red
4574, three eyes, piercings, bandana purple
4575, beard brown, helm biker, bandana purple
4576, dizzy, piercings, robe blue
4577, hearts, beret black, wetsuit
4578, wink, flower red, bandana purple
4579, glossy, piercings, sweater pink
4580, hearts, prince, gown black
4581, beard pirate, beret pink, nurse
4582, sunglasses cowboy, afro rainbow unicorn, monk
4583, beard tan, afro black, labcoat
4584, smirk, arrowhead, tshirt white
4585, stunned, antlers, tshirt green
4586, sunglasses blue, beanie orange, tanktop white
4587, ninja red, flower blue, sweater pink
4588, grin, crown black, baseball red
4589, rich, flower red, tshirt yellow
4590, face face, flower red, bandana purple
4591, hearts, candle, tshirt red
4592, mononoke, top hat, viking navy
4593, ditto, flower red, buttondown green
4594, glossy, antlers, bandana purple
4595, derp, unicorn horn, tshirt green
4596, zombie, flower blue, tanktop orange
4597, tired, mullet brown, tshirt blue
4598, sunglasses pixel, sunhat white, hoodie red
4599, sunglasses squad, prince, costume frog
4600, ninja blue, mullet brown, hoodie purple
4601, happy cute, knight red, tshirt pink
4602, mummy, bucket hat blue, epaulette red
4603, rich, hat white, tshirt green
4604, smirk, beanie red, buttondown green
4605, happy cute, wreath, shirt white
4606, happy, cowboy brown, monk
4607, face face, helm army, astro black
4608, angry, flower red, ninja black
4609, glasses funny, afro rainbow unicorn, hoodie black
4610, mummy, mullet brown, pirate black
4611, zombie, helm army, robe king
4612, three eyes, bucket hat tan, overalls blue
4613, ditto, knight blue, tanktop white
4614, happy cute, mohawk green, tshirt yellow
4615, beard pirate, headband red, shirt white
4616, angry, beret red, astro
4617, angry scar, hat visor blue, shirt yellow
4618, glasses, bucket hat tan, tanktop pink
4619, face face, halo fire, buttondown black flannel
4620, happy cute, wreath, buttondown green
4621, sunglasses cool, bucket hat tan, robe blue
4622, glossy, candle, buttondown blue flannel
4623, hearts, piercings, tanktop orange
4624, tvface 404, tvhead purple, sweater black
4625, ninja black, mohawk purple, work red
4626, zombie, beret green, tanktop sailor red
4627, uwu, bucket hat green, baseball blue
4628, pixel, piercings, bandana red
4629, stunned, mohawk green, ninja red
4630, ditto, wreath, buttondown black flannel
4631, glasses, hat white, buttondown blue flannel
4632, tvface nosignal, tvhead grey, work blue
4633, stunned, flower pink, robe red
4634, glasses, antlers, tshirt pink
4635, tvface 404, tvhead grey, gown purple
4636, ninja red, prince, wetsuit
4637, owo, cowboy black, tshirt metal
4638, shocked, bucket hat blue, buttondown blue flannel
4639, glossy, pirate black, ninja black
4640, beard pirate, afro black, overalls yellow
4641, sunglasses squad, knight red, tshirt white
4642, sunglasses cowboy, flower pink, shirt white
4643, happy cute, flower blue, sweater orange
4644, glasses, bucket hat blue, knight leather
4645, tired, beret green, baseball red
4646, sunglasses heart, hat visor yellow, tshirt red
4647, ditto, beret black, sweater orange
4648, wink, flower blue, viking brown
4649, ditto, headband red, bandana purple
4650, smirk, mohawk red, cowboy brown
4651, smirk, astro, tshirt white
4652, ninja red, headband red, shirt bowtie
4653, three eyes, bucket hat green, tshirt green
4654, grin, beanie blue, tanktop sailor red
4655, sunglasses heart, beanie black, tanktop sailor blue
4656, double face, mohawk purple, shirt white
4657, ninja blue, nurse, tanktop orange
4658, glasses, tvhead grey, epaulette black
4659, owo, horns, shirt yellow
4660, sunglasses blue, apple, overalls blue
4661, uwu, hat white, robe blue
4662, sunglasses squad, hat black, bandana purple
4663, rich, nurse, wetsuit
4664, unamused, candle, wetsuit
4665, sunglasses heart, crown gold, tanktop sailor red
4666, sunglasses heart, apple, work red
4667, beard brown, beret green, astro
4668, beard pirate, sunhat tan, tshirt red
4669, happy cute, cupcake, shirt white
4670, pixel, bucket hat tan, bandana green
4671, three eyes, beanie blue, winter blue
4672, angry, hat white, buttondown black flannel
4673, ninja black, visor green, overalls blue
4674, happy, beanie black, tshirt pink
4675, tvface 404, tvhead purple, deepsea bronze
4676, three eyes, bucket hat tan, bandana purple
4677, beard pirate, unicorn horn, tshirt metal
4678, sunglasses heart, helm army, shirt yellow
4679, sunglasses blue, sushi, buttondown green
4680, face face, tvhead white, epaulette red
4681, uwu, beanie black, sweater black
4682, pixel, wreath, tanktop pink
4683, mononoke, crown fire, shirt bowtie
4684, zombie, beanie blue, gown white
4685, unamused, antlers, work blue
4686, angry cute, astro, buttondown green
4687, face face, astro, lederhosen
4688, three eyes, flower pink, tshirt green
4689, grin, crown fire, winter red
4690, ninja blue, bucket hat green, robe blue
4691, owo, admiral pink, tshirt blue
4692, smirk, hat visor yellow, buttondown black flannel
4693, stunned, apple, robe red
4694, sunglasses heart, cowboy black, punk
4695, sunglasses heart, antlers, buttondown green
4696, beard pirate, bucket hat green, hoodie purple
4697, beard brown, apple, tanktop sailor red
4698, sunglasses cool, candle, shirt white
4699, hearts, beret green, sweater black
4700, angry cute, cowboy black, sweater green chain
4701, hearts, wreath, tshirt white
4702, derp, beanie orange, winter red
4703, angry, candle, tshirt yellow
4704, face face, knight red, sweater green chain
4705, derp, piercings, ninja red
4706, happy cute, knight black, tshirt blue
4707, double face, bucket hat tan, buttondown black flannel
4708, hearts, beret black, bandana green
4709, uwu, sunhat black, tanktop pink
4710, sunglasses blue, hat white, baseball red
4711, angry cute, candle, overalls yellow
4712, glasses funny, helm bronze, tanktop pink
4713, three eyes, bucket hat green, sweater black
4714, sunglasses cool, mohawk red, knight black
4715, owo, tvhead grey, work blue
4716, angry, bow, hoodie purple
4717, stunned, antlers, buttondown blue flannel
4718, sunglasses pixel, wreath, buttondown tan
4719, rich, halo, shirt bowtie
4720, ninja red, flower red, overalls flannel
4721, double face, mohawk purple, overalls blue
4722, tired, headband red, buttondown black flannel
4723, glasses, bucket hat green, shirt white
4724, face face, hat black, winter blue
4725, ninja red, beanie black, tanktop sailor black
4726, glasses funny, nurse, buttondown green
4727, happy cute, sushi, sweater orange
4728, glasses funny, helm army, overalls red
4729, glasses, tvhead grey, ninja red
4730, ninja red, wreath, tshirt metal
4731, beard pirate, halo, astro black
4732, ninja red, bucket hat white, tshirt pink
4733, glasses funny, helm silver, hoodie red
4734, tired, flower pink, ninja black
4735, rich, headband red, robe white
4736, smirk, arrowhead, work red
4737, hearts, dutch, shirt white
4738, sunglasses cowboy, prince, hoodie purple
4739, zombie, beanie red, baseball red
4740, derp, wreath, sweater black
4741, ninja black, pirate black, ninja black
4742, beard pirate, cupcake, tshirt metal
4743, stunned, ninja black, shirt yellow
4744, grin, headband red, buttondown green
4745, sunglasses squad, hat white, robe blue
4746, shocked, helm silver, epaulette black
4747, sunglasses pixel, deepsea orange, gown white
4748, double face, pirate black, hoodie black
4749, sunglasses cowboy, bucket hat green, bandana purple
4750, rich, headband blue, viking brown
4751, beard pirate, hat skull, buttondown red flannel
4752, unamused, beret red, bandana purple
4753, smirk, ninja red, tiger
4754, ditto, costume gorilla, deepsea bronze
4755, glossy, flower blue, tanktop tattoo
4756, glossy, beanie black, robe red
4757, ditto, ninja black, epaulette black
4758, happy cute, headband red, hoodie black
4759, beard pirate, hat white, buttondown black flannel
4760, ditto, beanie black, lederhosen
4761, zombie, admiral, shirt bowtie
4762, smirk, pirate red, bandana green
4763, pixel, afro black, bandana red
4764, grin, mohawk green, bandana purple
4765, unamused, sunhat tan, work red
4766, glasses funny, ninja black, tiger
4767, rich, beret black, sweater orange
4768, zombie, bucket hat green, buttondown red flannel
4769, tired, horns, wetsuit
4770, sunglasses yellow, crown fire, punk
4771, owo, ninja blue, hoodie black
4772, sunglasses blue, beret green, robe blue
4773, zombie, flower pink, tanktop pink
4774, beard brown, cowboy black, wetsuit
4775, hearts, beret pink, buttondown green
4776, sunglasses yellow, flower blue, pirate black
4777, tired, beanie orange, tanktop tattoo
4778, smirk, afro rainbow unicorn, baseball blue
4779, dizzy, tvhead purple, hoodie red
4780, double face, visor purple, knight black
4781, angry, deepsea bronze, cowboy brown
4782, unamused, wreath, robe red
4783, dizzy, costume frog, costume frog
4784, beard pirate, helm bronze, tshirt green
4785, wink, bucket hat tan, tshirt white
4786, mummy, bow, overalls pink
4787, beard brown, flower pink, robe red
4788, ninja black, bucket hat tan, astro orange
4789, stunned, hat visor blue, overalls blue
4790, hearts, helm army, winter blue
4791, mononoke, crown gold, winter red
4792, sunglasses blue, wreath flowers, tshirt green
4793, glasses, bucket hat tan, tshirt pink
4794, sunglasses cool, hat white, labcoat
4795, sunglasses cowboy, wreath flowers, buttondown green
4796, mummy, mullet brown, punk
4797, beard pirate, hat visor yellow, gown purple
4798, double face, cowboy black, hoodie red
4799, derp, arrowhead, bandana green
4800, owo, goggles seaweed, epaulette red
4801, shocked, hat visor yellow, shirt bowtie
4802, unamused, tvhead white, viking navy
4803, owo, beanie orange, work blue
4804, uwu, sunhat white, work red
4805, mummy, astro fishbowl, astro
4806, dizzy, cupcake, pirate red
4807, angry cute, sunhat black, tanktop sailor black
4808, sunglasses blue, flower blue, bandana green
4809, sunglasses heart, bow, viking brown
4810, sunglasses cowboy, beret pink, combat black
4811, ditto, sunhat white, tshirt blue
4812, dizzy, bucket hat green, tshirt metal
4813, double face, mohawk purple, chain
4814, hearts, crown fire, overalls pink
4815, mummy, beanie blue, overalls pink
4816, glasses, beret green, bandana red
4817, beard tan, cupcake, tshirt green
4818, double face, hat visor blue, robe king
4819, happy, beanie orange, ninja red
4820, sunglasses cowboy, bucket hat white, bandana red
4821, sunglasses yellow, hat skull, buttondown green
4822, smirk, helm bronze, tshirt red
4823, smirk, hat visor blue, work blue
4824, glasses, bucket hat green, work red
4825, stunned, beanie red, ninja blue
4826, rich, beret green, robe red
4827, ditto, goggles seaweed, knight black
4828, shocked, tvhead white, tshirt blue
4829, angry cute, hat visor blue, tshirt metal
4830, glasses, beret green, shirt bowtie
4831, angry cute, crown fire, knight black
4832, mononoke, helm army, combat black
4833, zombie, crown gold, costume hotdog
4834, shocked, bucket hat green, sweater orange
4835, sunglasses cool, flower pink, bandana red
4836, owo, arrowhead, tshirt pink
4837, beard tan, candle, toga
4838, tired, ninja red, buttondown blue flannel
4839, beard brown, nurse, astro
4840, unamused, astro cheeks, gown black
4841, shocked, bucket hat green, robe blue
4842, sunglasses pixel, bucket hat tan, sweater orange
4843, glasses funny, beret green, ninja blue
4844, angry cute, beret red, buttondown green
4845, sunglasses heart, goggles seaweed, winter blue
4846, double face, halo fire, mononoke
4847, dizzy, beret green, gown black
4848, grin, headband blue, viking navy
4849, three eyes, ninja black, buttondown green
4850, unamused, top hat, tanktop white
4851, beard pirate, bucket hat tan, shirt white
4852, angry cute, headband red, sweater pink
4853, tired, sunhat white, hoodie black
4854, glasses, headband blue, tanktop pink
4855, sunglasses squad, piercings, tshirt pink
4856, shocked, apple, hoodie purple
4857, beard pirate, hat skull, tanktop pink
4858, happy cute, flower red, sweater pink
4859, angry cute, ninja blue, robe white
4860, three eyes, bucket hat green, overalls blue
4861, grin, candle, toga
4862, zombie, piercings, hoodie black
4863, mummy, bucket hat blue, buttondown tan
4864, angry scar, knight red, bandana green
4865, beard pirate, headband blue, sweater black
4866, three eyes, hat skull, sweater pink
4867, glasses funny, sunhat tan, tanktop white
4868, angry cute, beanie blue, toga
4869, angry cute, wreath flowers, tanktop sailor red
4870, sunglasses squad, helm biker, baseball red
4871, beard pirate, candle, viking navy
4872, sunglasses heart, halo fire, knight leather
4873, uwu, hat visor yellow, knight
4874, zombie, horns, costume hotdog
4875, grin, admiral pink, bandana red
4876, derp, tvhead white, pirate black
4877, glossy, arrowhead, tshirt yellow
4878, wink, wreath flowers, shirt yellow
4879, double face, knight red, ninja red
4880, stunned, bucket hat tan, work red
4881, grin, headband red, work blue
4882, derp, arrowhead, robe blue
4883, tired, cupcake, shirt bowtie
4884, glasses funny, crown black, buttondown red flannel
4885, ninja black, pirate black, work blue
4886, owo, apple, viking brown
4887, grin, cupcake, ninja red
4888, grin, hat skull, work red
4889, three eyes, top hat, epaulette black
4890, happy cute, headband blue, buttondown blue flannel
4891, glasses, mohawk purple, hoodie purple
4892, owo, mohawk green, shirt bowtie
4893, owo, bucket hat tan, overalls pink
4894, zombie, flower blue, buttondown tan
4895, zombie, hat white, ninja blue
4896, ditto, mullet blonde, chain
4897, glossy, beanie black, ninja red
4898, glossy, hat skull, bandana purple
4899, angry, headband blue, robe blue
4900, face face, bucket hat white, work blue
4901, ninja blue, beanie orange, sweater orange
4902, sunglasses heart, mohawk green, tshirt yellow
4903, beard tan, candle, robe blue
4904, angry cute, apple, deepsea bronze
4905, happy, sunhat tan, buttondown tan
4906, hearts, flower blue, hoodie purple
4907, stunned, bucket hat blue, knight
4908, unamused, hat white, buttondown tan
4909, dizzy, visor green, chain
4910, glasses funny, cowboy brown, tanktop white
4911, glossy, arrowhead, tshirt pink
4912, dizzy, mullet blonde, shirt bowtie
4913, angry cute, mohawk red, work red
4914, angry cute, helm bronze, hoodie purple
4915, beard brown, sunhat white, buttondown green
4916, hearts, unicorn horn, shirt bowtie
4917, unamused, tvhead grey, combat black
4918, ninja blue, mohawk green, robe red
4919, glasses, beanie red, tshirt yellow
4920, happy, hat visor yellow, overalls blue
4921, mononoke, astro cheeks, pirate red
4922, glasses funny, mohawk green, sweater orange
4923, happy cute, flower red, tanktop pink
4924, ditto, beret red, work red
4925, hearts, afro brown, overalls blue
4926, ditto, mohawk green, punk
4927, hearts, sunhat tan, mononoke
4928, angry scar, mullet blonde, tshirt red
4929, face face, beret red, buttondown black flannel
4930, glasses, flower pink, tshirt green
4931, shocked, astro cheeks, combat green
4932, beard pirate, headband red, robe blue
4933, rich, bucket hat green, tanktop white
4934, uwu, afro brown, buttondown red flannel
4935, sunglasses heart, ninja black, viking brown
4936, unamused, apple, viking navy
4937, glossy, afro black, ninja red
4938, dizzy, hat skull, buttondown tan
4939, unamused, visor purple, tshirt white
4940, sunglasses pixel, sunhat tan, astro black
4941, ninja blue, wreath, knight
4942, unamused, ninja blue, tanktop pink
4943, beard tan, headband blue, tshirt pink
4944, three eyes, beanie red, bandana purple
4945, owo, mullet blonde, buttondown blue flannel
4946, grin, costume gorilla, viking brown
4947, sunglasses heart, halo fire, tshirt blue
4948, ninja blue, arrowhead, overalls flannel
4949, three eyes, beanie blue, pirate red
4950, stunned, candle, buttondown black flannel
4951, mononoke, ninja blue, buttondown black flannel
4952, ditto, deepsea bronze, costume frog
4953, angry, arrowhead, bandana purple
4954, unamused, beret green, winter red
4955, tvface nosignal, tvhead white, winter blue
4956, hearts, headband blue, tanktop white
4957, ditto, afro brown, overalls flannel
4958, beard tan, sunhat tan, chain
4959, sunglasses yellow, apple, tanktop white
4960, sunglasses blue, bucket hat tan, baseball blue
4961, ninja red, goggles seaweed, shirt white
4962, mummy, wreath, bandana red
4963, stunned, admiral pink, costume hotdog
4964, uwu, mullet blonde, overalls blue
4965, dizzy, wreath, work red
4966, rich, beanie blue, buttondown tan
4967, zombie, hat skull, knight
4968, sunglasses yellow, arrowhead, hoodie purple
4969, mononoke, costume gorilla, cowboy brown
4970, owo, beret red, bandana purple
4971, derp, beret green, hoodie purple
4972, ninja red, mohawk purple, robe blue
4973, sunglasses blue, mohawk red, buttondown tan
4974, double face, goggles seaweed, tshirt yellow
4975, hearts, beret black, tshirt yellow
4976, shocked, headband blue, buttondown black flannel
4977, happy cute, mohawk red, baseball red
4978, derp, horns, tshirt red
4979, beard pirate, afro rainbow unicorn, epaulette white
4980, angry scar, antlers, robe red
4981, angry scar, halo, tshirt blue
4982, derp, helm bronze, buttondown tan
4983, sunglasses pixel, prince, tshirt yellow
4984, beard pirate, ninja red, sweater orange
4985, pixel, beret green, combat black
4986, zombie, visor green, wetsuit
4987, tired, bow, baseball red
4988, happy cute, admiral, robe king
4989, sunglasses yellow, bucket hat tan, bandana purple
4990, ninja blue, candle, astro
4991, zombie, helm silver, buttondown red flannel
4992, sunglasses squad, candle, tanktop sailor red
4993, double face, bucket hat blue, tshirt blue
4994, beard pirate, mohawk green, sweater pink
4995, smirk, hat visor yellow, toga
4996, owo, bucket hat white, tshirt white
4997, tvface 404, tvhead purple, mononoke
4998, pixel, beanie orange, costume gorilla
4999, sunglasses pixel, hat skull, pirate red
