id, type, gender, skin tone, count, accessories
7, Human, Female, Medium, 3, Wild White Hair / Spots / Clown Eyes Blue
8, Human, Male, Dark, 2, Messy Hair / Luxurious Beard
9, Human, Male, Medium, 3, Clown Nose / Police Cap / Big Beard
14, Human, Female, Dark, 3, Pipe / Pilot Helmet / Hot Lipstick
15, Human, Male, Albino, 3, Luxurious Beard / Wild Hair / Regular Shades
18, Human, Male, Medium, 2, Eye Mask / Muttonchops
19, Human, Female, Dark, 3, Bandana / Horned Rim Glasses / Hot Lipstick
21, Human, Male, Light, 3, Messy Hair / Classic Shades / Earring
22, Human, Female, Dark, 2, Pilot Helmet / Purple Lipstick
28, Human, Male, Dark, 2, Big Shades / Crazy Hair
30, Human, Male, Dark, 2, Normal Beard Black / Cap
37, Human, Female, Dark, 2, Cap / Clown Eyes Blue
40, Human, Male, Light, 3, Bandana / Chinstrap / Smile
41, Human, Male, Dark, 3, Muttonchops / Wild Hair / Clown Eyes Green
47, Human, Male, Dark, 1, Knitted Cap
49, Human, Female, Dark, 2, Bandana / Purple Eye Shadow
52, Human, Male, Dark, 4, Shadow Beard / Earring / Nerd Glasses / Knitted Cap
59, Human, Male, Albino, 2, Muttonchops / Cowboy Hat
63, Human, Male, Dark, 3, Earring / Shaved Head / Small Shades
65, Human, Female, Medium, 2, Eye Mask / Headband
66, Human, Female, Dark, 1, Tassle Hat
68, Human, Male, Dark, 2, Nerd Glasses / Do-rag
69, Human, Male, Medium, 2, Normal Beard Black / Fedora
72, Human, Male, Dark, 4, Fedora / Earring / Nerd Glasses / Normal Beard
73, Human, Female, Medium, 3, Black Lipstick / Bandana / Earring
75, Human, Male, Light, 3, Shadow Beard / Knitted Cap / Eye Patch
78, Human, Male, Medium, 3, Handlebars / Knitted Cap / Eye Patch
82, Human, Male, Albino, 1, Headband
84, Human, Male, Light, 3, Messy Hair / Big Shades / Earring
86, Human, Female, Dark, 4, Knitted Cap / Green Eye Shadow / Hot Lipstick / Earring
88, Human, Female, Light, 2, Cap / Hot Lipstick
98, Human, Female, Light, 3, Black Lipstick / Welding Goggles / Dark Hair
101, Human, Male, Medium, 2, Police Cap / Nerd Glasses
102, Human, Male, Medium, 2, Vampire Hair / Luxurious Beard
104, Human, Male, Dark, 4, Normal Beard Black / Earring / Crazy Hair / Eye Patch
109, Human, Male, Dark, 3, Handlebars / Fedora / Earring
111, Human, Male, Dark, 2, Handlebars / Knitted Cap
112, Human, Male, Medium, 4, Bandana / Earring / Horned Rim Glasses / Big Beard
117, Zombie, Male, , 2, Messy Hair / Front Beard Dark
119, Human, Male, Medium, 2, Cap / Earring
120, Human, Female, Medium, 2, Tassle Hat / Big Shades
121, Human, Female, Light, 2, Tiara / Purple Lipstick
128, Human, Male, Light, 4, Police Cap / Chinstrap / Vape / Mole
129, Human, Male, Light, 4, Cigarette / Cap Forward / Gold Chain / Horned Rim Glasses
133, Human, Male, Albino, 3, Chinstrap / Purple Hair / Pipe
134, Human, Male, Medium, 1, Police Cap
136, Human, Male, Dark, 3, Shadow Beard / Shaved Head / Clown Eyes Green
139, Human, Male, Medium, 2, Do-rag / Eye Patch
143, Human, Male, Light, 2, Beanie / Horned Rim Glasses
153, Human, Male, Medium, 3, Eye Mask / Cap / Earring
154, Human, Male, Dark, 3, Hoodie / Shadow Beard / Earring
155, Human, Male, Dark, 2, Clown Nose / Clown Hair Green
156, Human, Male, Dark, 2, Cap Forward / Small Shades
175, Human, Male, Medium, 2, Cap / Big Shades
177, Human, Male, Dark, 2, Bandana / Luxurious Beard
186, Human, Male, Dark, 2, Mustache / Crazy Hair
193, Human, Female, Light, 3, Tassle Hat / Green Eye Shadow / Earring
198, Human, Male, Medium, 2, Beanie / Luxurious Beard
202, Human, Female, Light, 3, Headband / Purple Lipstick / Earring
204, Human, Male, Medium, 2, Crazy Hair / Regular Shades
206, Human, Male, Light, 3, Cigarette / Clown Nose / Cap Forward
208, Human, Male, Medium, 3, Earring / Shaved Head / 3D Glasses
218, Human, Male, Light, 4, Cap / Handlebars / Regular Shades / Mole
219, Human, Female, Dark, 4, Bandana / Rosy Cheeks / Earring / Clown Eyes Blue
220, Human, Male, Albino, 2, Big Shades / Headband
222, Human, Male, Light, 3, Pipe / Do-rag / Small Shades
223, Human, Male, Light, 3, Nerd Glasses / Normal Beard / Crazy Hair
243, Human, Male, Light, 4, Cigarette / Front Beard / Police Cap / Earring
246, Human, Male, Albino, 3, Bandana / Luxurious Beard / Earring
252, Human, Male, Albino, 2, Cap Forward / Mole
255, Human, Male, Light, 2, Mustache / Shaved Head
257, Human, Male, Light, 2, Cap / Frown
258, Human, Male, Medium, 2, Cap Forward / Handlebars
259, Human, Male, Light, 3, Eye Mask / Cap Forward / Earring
260, Human, Male, Dark, 2, Purple Hair / 3D Glasses
263, Human, Male, Albino, 2, Messy Hair / Muttonchops
265, Human, Male, Dark, 3, Cap Forward / Gold Chain / Earring
266, Human, Male, Dark, 3, Earring / Do-rag / Small Shades
267, Human, Male, Dark, 2, Clown Nose / Fedora
268, Human, Female, Light, 1, Knitted Cap
273, Human, Male, Light, 2, Cap Forward / Big Shades
274, Human, Male, Light, 4, Cap / Handlebars / Earring / Regular Shades
286, Human, Male, Albino, 2, Wild Hair / Goat
294, Human, Male, Dark, 3, Hoodie / Big Shades / Earring
297, Human, Male, Medium, 2, Muttonchops / Crazy Hair
309, Human, Male, Medium, 2, Big Shades / Shaved Head
312, Human, Male, Light, 2, Cap Forward / Chinstrap
314, Human, Male, Albino, 2, Eye Mask / Police Cap
317, Human, Male, Medium, 3, Bandana / Frown / Chinstrap
325, Human, Male, Dark, 3, Police Cap / Mustache / Small Shades
328, Human, Male, Light, 2, Bandana / Horned Rim Glasses
330, Human, Male, Medium, 2, Knitted Cap / Clown Eyes Green
331, Human, Female, Albino, 3, Tassle Hat / Purple Lipstick / Earring
334, Human, Male, Dark, 2, Wild Hair / Big Beard
335, Human, Male, Medium, 1, Clown Hair Green
336, Human, Male, Medium, 3, Nerd Glasses / Normal Beard / Top Hat
339, Human, Female, Albino, 5, Mole / Cap / Big Shades / Black Lipstick / Earring
342, Human, Female, Light, 2, Bandana / Regular Shades
343, Human, Male, Light, 2, Police Cap / Shadow Beard
344, Human, Male, Dark, 1, Beanie
349, Human, Male, Dark, 3, Front Beard Dark / Earring / Mohawk Dark
354, Human, Male, Albino, 2, Cigarette / Police Cap
363, Human, Male, Albino, 3, Shadow Beard / Nerd Glasses / Cowboy Hat
364, Human, Male, Albino, 2, Normal Beard Black / Hoodie
367, Human, Male, Dark, 1, Clown Hair Green
369, Human, Male, Light, 3, Luxurious Beard / Fedora / Earring
372, Ape, Male, , 1, Cap Forward
382, Human, Female, Light, 2, Pilot Helmet / Cigarette
384, Human, Female, Medium, 3, Bandana / Classic Shades / Purple Lipstick
387, Human, Male, Medium, 3, Cap Forward / Gold Chain / Pipe
393, Human, Male, Light, 3, Cigarette / Cap Forward / VR
395, Human, Male, Light, 3, Cap Forward / Earring / Normal Beard
403, Human, Male, Dark, 2, Classic Shades / Clown Hair Green
406, Human, Male, Dark, 2, Hoodie / Nerd Glasses
415, Human, Male, Light, 4, Frown / Police Cap / Small Shades / Mole
420, Human, Male, Albino, 2, Earring / Crazy Hair
429, Human, Male, Medium, 2, Police Cap / Smile
431, Human, Female, Dark, 2, Horned Rim Glasses / Headband
437, Human, Male, Light, 3, Front Beard Dark / Crazy Hair / Eye Patch
442, Human, Male, Light, 2, Front Beard / Cowboy Hat
452, Human, Male, Albino, 1, Knitted Cap
453, Human, Male, Medium, 2, Cap / Buck Teeth
455, Human, Male, Dark, 3, Luxurious Beard / Top Hat / VR
457, Human, Male, Light, 3, Chinstrap / Knitted Cap / 3D Glasses
458, Human, Male, Dark, 3, Normal Beard Black / Cap / Earring
459, Human, Male, Dark, 1, Police Cap
461, Human, Male, Dark, 2, Knitted Cap / Smile
462, Human, Male, Dark, 3, Clown Nose / Cap Forward / Regular Shades
465, Human, Male, Light, 3, Hoodie / Pipe / 3D Glasses
467, Human, Male, Light, 3, Front Beard / Purple Hair / Classic Shades
475, Human, Female, Albino, 1, Crazy Hair
485, Human, Male, Medium, 4, Earring / Headband / 3D Glasses / Big Beard
489, Human, Male, Dark, 2, Classic Shades / Do-rag
492, Human, Male, Light, 3, Shadow Beard / Classic Shades / Shaved Head
495, Human, Male, Dark, 2, Crazy Hair / Smile
496, Human, Male, Medium, 4, Normal Beard Black / Cap / Earring / Small Shades
499, Human, Female, Light, 3, Welding Goggles / Straight Hair Blonde / Cigarette
504, Human, Female, Dark, 3, Black Lipstick / Pilot Helmet / Earring
516, Human, Male, Medium, 3, Normal Beard / 3D Glasses / Cowboy Hat
526, Human, Male, Albino, 2, Vampire Hair / Mole
536, Human, Male, Dark, 3, Hoodie / Horned Rim Glasses / Normal Beard
552, Human, Male, Medium, 3, Front Beard / VR / Do-rag
557, Human, Male, Dark, 3, Normal Beard Black / Crazy Hair / Small Shades
561, Human, Male, Medium, 2, Top Hat / 3D Glasses
567, Human, Male, Dark, 2, Bandana / VR
572, Human, Male, Dark, 2, Clown Eyes Blue / Do-rag
573, Human, Female, Medium, 3, Mole / Wild White Hair / VR
576, Human, Female, Albino, 2, Tassle Hat / Black Lipstick
577, Human, Male, Medium, 2, Cap / Spots
580, Human, Female, Dark, 2, Tassle Hat / Clown Eyes Green
583, Human, Male, Light, 2, Classic Shades / Do-rag
591, Human, Male, Light, 3, Goat / Shaved Head / Small Shades
593, Human, Female, Medium, 3, Tiara / Earring / Nerd Glasses
598, Human, Female, Albino, 3, Wild White Hair / Purple Eye Shadow / Earring
605, Human, Male, Medium, 5, Cigarette / Earring / Clown Hair Green / Small Shades / Mole
609, Human, Male, Light, 2, Luxurious Beard / Do-rag
610, Human, Male, Medium, 3, Cap Forward / Big Shades / Earring
614, Human, Female, Albino, 1, Headband
623, Human, Male, Medium, 4, Fedora / Horned Rim Glasses / Normal Beard / Smile
633, Human, Male, Medium, 4, Cap / Spots / Earring / Regular Shades
635, Alien, Male, , 2, Bandana / Regular Shades
638, Human, Male, Medium, 4, Chinstrap / Top Hat / Smile / VR
645, Human, Male, Light, 4, Cap / Earring / Horned Rim Glasses / Goat
657, Human, Male, Medium, 4, Cigarette / Cap / Classic Shades / Mustache
659, Human, Female, Albino, 3, Mole / Tassle Hat / Gold Chain
664, Human, Female, Light, 2, Tassle Hat / Horned Rim Glasses
665, Human, Male, Medium, 3, Luxurious Beard / Clown Hair Green / Regular Shades
677, Human, Female, Light, 3, Pipe / Bandana / Clown Eyes Blue
679, Human, Male, Medium, 3, Muttonchops / Silver Chain / Crazy Hair
686, Human, Male, Medium, 5, Chinstrap / Earring / Pipe / Smile / Shaved Head
688, Human, Female, Dark, 1, Clown Hair Green
705, Human, Male, Medium, 2, Horned Rim Glasses / Crazy Hair
706, Human, Female, Medium, 1, Tiara
711, Human, Male, Albino, 3, Cap / Handlebars / Small Shades
720, Human, Male, Albino, 2, Cap Forward / Earring
725, Human, Male, Albino, 2, Cap / Normal Beard
728, Human, Female, Light, 3, Cap / Purple Lipstick / Earring
735, Human, Male, Medium, 4, Earring / Nerd Glasses / Mole / Cowboy Hat
744, Human, Female, Light, 2, Blue Eye Shadow / Tiara
745, Human, Male, Medium, 3, Mustache / Nerd Glasses / Knitted Cap
756, Human, Female, Albino, 2, Cap / Blue Eye Shadow
776, Human, Female, Dark, 2, Tassle Hat / Purple Lipstick
778, Human, Female, Albino, 3, Blue Eye Shadow / Clown Hair Green / Purple Lipstick
779, Human, Male, Albino, 2, Cap / Eye Patch
781, Human, Male, Light, 4, Police Cap / Front Beard Dark / Earring / Regular Shades
786, Human, Male, Light, 3, Vampire Hair / Earring / Normal Beard
787, Human, Male, Medium, 3, Cap Forward / Shadow Beard / Earring
789, Human, Female, Light, 1, Cap
790, Human, Female, Light, 2, Cap / Horned Rim Glasses
792, Human, Male, Light, 2, Bandana / Clown Eyes Blue
802, Human, Male, Albino, 2, Hoodie / Eye Patch
819, Human, Male, Light, 4, Shadow Beard / Headband / Pipe / 3D Glasses
821, Human, Male, Medium, 2, Police Cap / Big Shades
824, Human, Male, Dark, 2, Beanie / Nerd Glasses
836, Human, Male, Medium, 2, Front Beard Dark / Knitted Cap
842, Human, Male, Medium, 3, Purple Hair / Nerd Glasses / Smile
843, Human, Female, Light, 4, Pilot Helmet / Purple Lipstick / Earring / Cigarette
848, Human, Male, Light, 3, Messy Hair / Classic Shades / Mustache
850, Human, Male, Light, 2, Bandana / Regular Shades
853, Human, Male, Dark, 3, Mustache / Knitted Cap / Regular Shades
856, Human, Male, Light, 2, Cap Forward / Regular Shades
859, Human, Male, Dark, 3, Chinstrap / Knitted Cap / VR
864, Human, Male, Albino, 2, Bandana / Nerd Glasses
875, Human, Female, Medium, 3, Wild White Hair / Regular Shades / Earring
879, Human, Male, Medium, 4, Handlebars / Purple Hair / Classic Shades / Earring
885, Human, Male, Dark, 3, Frown / Silver Chain / Knitted Cap
890, Human, Male, Medium, 3, Shadow Beard / VR / Shaved Head
895, Human, Male, Light, 3, Muttonchops / Do-rag / 3D Glasses
903, Human, Male, Light, 3, Cap / Horned Rim Glasses / Medical Mask
914, Human, Female, Dark, 2, Cap / Big Shades
920, Human, Male, Light, 5, Vampire Hair / Chinstrap / Earring / Smile / VR
924, Human, Male, Light, 4, Luxurious Beard / Hoodie / Earring / 3D Glasses
932, Human, Male, Dark, 3, Bandana / Luxurious Beard / Earring
948, Human, Female, Light, 2, Tassle Hat / 3D Glasses
959, Human, Male, Dark, 5, Normal Beard Black / Frown / Police Cap / Earring / Pipe
962, Human, Male, Light, 3, Eye Mask / Frown / Police Cap
963, Human, Female, Albino, 2, Cap / Eye Mask
967, Human, Male, Light, 3, Earring / VR / Do-rag
975, Human, Male, Albino, 2, Normal Beard / Knitted Cap
987, Zombie, Male, , 2, Wild Hair / Horned Rim Glasses
991, Human, Female, Medium, 3, Tassle Hat / Black Lipstick / Clown Eyes Blue
993, Human, Male, Light, 4, Messy Hair / Earring / Horned Rim Glasses / Mole
994, Human, Female, Albino, 4, Vape / Knitted Cap / Black Lipstick / Spots
996, Human, Female, Light, 3, Cap / Purple Eye Shadow / Cigarette
1007, Human, Male, Light, 3, Vampire Hair / Earring / Regular Shades
1008, Human, Male, Dark, 3, Luxurious Beard / Cap Forward / Earring
1009, Human, Male, Light, 2, Luxurious Beard / Cap
1010, Human, Female, Light, 3, Pink With Hat / Classic Shades / Earring
1013, Human, Male, Albino, 2, Fedora / Clown Eyes Green
1018, Human, Male, Light, 2, Front Beard / Top Hat
1021, Ape, Male, , 2, Cap / Eye Patch
1043, Human, Female, Medium, 3, Tassle Hat / Regular Shades / Purple Lipstick
1049, Human, Male, Light, 2, Crazy Hair / Smile
1053, Human, Male, Albino, 3, Cap Forward / Nerd Glasses / Big Beard
1060, Human, Male, Light, 2, Eye Mask / Cowboy Hat
1075, Human, Male, Dark, 4, Cap / Big Shades / Chinstrap / Earring
1078, Human, Male, Medium, 2, Eye Mask / Hoodie
1088, Human, Male, Dark, 3, Clown Nose / Classic Shades / Shaved Head
1094, Human, Male, Light, 3, Hoodie / Chinstrap / Classic Shades
1100, Human, Male, Light, 3, Vampire Hair / Frown / Nerd Glasses
1118, Human, Male, Albino, 2, Cap Forward / Smile
1119, Zombie, Male, , 3, Shadow Beard / Do-rag / Eye Patch
1127, Human, Male, Dark, 2, Purple Hair / Big Beard
1135, Human, Male, Light, 3, Gold Chain / Earring / Shaved Head
1136, Human, Male, Light, 4, Muttonchops / Wild Hair / Earring / Small Shades
1145, Human, Male, Dark, 2, Cap / Earring
1147, Human, Male, Medium, 2, Shaved Head / 3D Glasses
1158, Human, Female, Dark, 2, Mole / Crazy Hair
1160, Human, Male, Dark, 3, Earring / Knitted Cap / Small Shades
1162, Human, Female, Light, 4, Spots / Welding Goggles / Straight Hair Blonde / Hot Lipstick
1167, Human, Male, Light, 2, Police Cap / Horned Rim Glasses
1168, Human, Male, Medium, 2, Vampire Hair / Handlebars
1172, Human, Male, Dark, 4, Cigarette / Cap Forward / Shadow Beard / Nerd Glasses
1183, Human, Male, Albino, 5, Cap / Big Shades / Gold Chain / Muttonchops / Earring
1190, Zombie, Male, , 4, Cigarette / Bandana / Handlebars / Earring
1198, Human, Female, Light, 4, Gold Chain / Horned Rim Glasses / Clown Hair Green / Hot Lipstick
1201, Human, Male, Light, 2, Normal Beard Black / Knitted Cap
1203, Human, Male, Albino, 3, Wild Hair / Nerd Glasses / Big Beard
1211, Human, Male, Dark, 2, Cap Forward / Smile
1215, Human, Male, Light, 2, Earring / Headband
1223, Human, Male, Light, 2, Cap / Handlebars
1229, Human, Male, Light, 2, Goat / Clown Hair Green
1247, Human, Female, Albino, 3, Clown Eyes Green / Crazy Hair / Purple Lipstick
1258, Human, Male, Medium, 3, Cap / Big Shades / Earring
1259, Human, Male, Medium, 4, Front Beard Dark / Earring / Shaved Head / Small Shades
1260, Human, Female, Albino, 4, Big Shades / Crazy Hair / Rosy Cheeks / Earring
1269, Human, Male, Dark, 3, Cap Forward / Chinstrap / Eye Patch
1271, Human, Male, Light, 5, Big Shades / Spots / Purple Hair / Earring / Pipe
1272, Human, Female, Medium, 2, Tassle Hat / VR
1275, Human, Male, Dark, 2, Chinstrap / Knitted Cap
1279, Human, Male, Dark, 2, Police Cap / Earring
1285, Human, Male, Light, 4, Mustache / Earring / Top Hat / Regular Shades
1288, Human, Male, Medium, 2, Cap Forward / Pipe
1304, Human, Male, Albino, 3, Earring / Goat / Knitted Cap
1317, Human, Male, Dark, 3, Normal Beard Black / Police Cap / Eye Patch
1320, Human, Male, Medium, 4, Eye Mask / Purple Hair / Mustache / Earring
1326, Human, Male, Dark, 2, Shaved Head / 3D Glasses
1327, Human, Male, Dark, 2, Chinstrap / Fedora
1330, Human, Male, Light, 1, Police Cap
1333, Human, Female, Medium, 3, Wild White Hair / Silver Chain / Eye Patch
1335, Human, Male, Light, 2, Cap / Shadow Beard
1348, Human, Male, Light, 4, Normal Beard Black / Earring / Crazy Hair / 3D Glasses
1351, Human, Male, Medium, 4, Silver Chain / Mustache / Knitted Cap / Regular Shades
1367, Human, Female, Dark, 3, Welding Goggles / Purple Lipstick / Mohawk Dark
1371, Human, Female, Albino, 2, Blue Eye Shadow / Tiara
1380, Human, Male, Medium, 4, Bandana / Shadow Beard / Classic Shades / Smile
1386, Human, Female, Light, 3, Mole / Tassle Hat / Clown Nose
1393, Human, Male, Dark, 4, Mohawk Thin / Big Shades / Normal Beard / Medical Mask
1397, Human, Male, Dark, 3, Mustache / Horned Rim Glasses / Do-rag
1402, Human, Male, Light, 3, Clown Eyes Blue / Shadow Beard / Knitted Cap
1425, Human, Male, Medium, 3, Vampire Hair / Chinstrap / Smile
1430, Human, Male, Dark, 4, Chinstrap / Earring / Horned Rim Glasses / Do-rag
1432, Human, Male, Light, 2, Big Shades / Do-rag
1433, Human, Female, Medium, 2, Gold Chain / Pilot Helmet
1435, Human, Male, Medium, 4, Muttonchops / Earring / Headband / Clown Eyes Green
1442, Human, Female, Dark, 3, Eye Mask / Crazy Hair / Earring
1447, Human, Male, Albino, 4, Cigarette / Frown / Hoodie / Eye Patch
1459, Human, Male, Dark, 3, Messy Hair / Luxurious Beard / Nerd Glasses
1470, Human, Female, Light, 3, Welding Goggles / Mohawk Thin / Purple Lipstick
1473, Human, Male, Dark, 3, Messy Hair / Chinstrap / Earring
1483, Human, Male, Albino, 3, Frown / Top Hat / 3D Glasses
1485, Human, Female, Dark, 3, Cap / Purple Eye Shadow / Earring
1492, Human, Male, Light, 3, Police Cap / VR / Big Beard
1494, Human, Female, Medium, 3, Wild White Hair / Black Lipstick / Eye Patch
1498, Human, Female, Dark, 3, Big Shades / Crazy Hair / Earring
1501, Human, Male, Medium, 2, Police Cap / Shadow Beard
1503, Human, Male, Dark, 3, Shadow Beard / Horned Rim Glasses / Headband
1526, Zombie, Male, , 3, Cap / Gold Chain / Eye Patch
1528, Human, Male, Dark, 3, Bandana / Front Beard Dark / 3D Glasses
1543, Human, Male, Dark, 2, Eye Mask / Do-rag
1559, Human, Male, Light, 1, Clown Hair Green
1564, Human, Male, Dark, 2, Wild Hair / Medical Mask
1568, Human, Male, Dark, 3, Hoodie / Mustache / Clown Eyes Green
1577, Human, Male, Dark, 2, Normal Beard / Clown Hair Green
1579, Human, Female, Albino, 2, Tiara / 3D Glasses
1580, Human, Male, Dark, 3, Messy Hair / Classic Shades / Pipe
1588, Human, Female, Light, 2, Tassle Hat / Clown Eyes Blue
1590, Human, Male, Medium, 3, Vampire Hair / Normal Beard Black / Small Shades
1603, Human, Female, Light, 2, Tiara / Purple Eye Shadow
1605, Human, Male, Dark, 5, Frown / Shadow Beard / Earring / VR / Shaved Head
1606, Human, Male, Light, 5, Cigarette / Police Cap / Front Beard Dark / Nerd Glasses / Mole
1627, Human, Male, Medium, 2, Normal Beard Black / Police Cap
1630, Human, Male, Albino, 2, Shadow Beard / Top Hat
1631, Human, Male, Albino, 2, Police Cap / Small Shades
1635, Human, Female, Light, 3, Orange Side / Hot Lipstick / Earring
1640, Human, Male, Medium, 3, Fedora / Mustache / VR
1651, Human, Male, Medium, 3, Beanie / Big Shades / Muttonchops
1656, Human, Male, Light, 3, Buck Teeth / Purple Hair / Regular Shades
1663, Human, Male, Albino, 3, Purple Hair / Regular Shades / Mole
1669, Human, Female, Medium, 2, Red Mohawk / Welding Goggles
1675, Human, Male, Light, 3, Police Cap / Earring / Regular Shades
1687, Human, Male, Dark, 2, Horned Rim Glasses / Top Hat
1695, Human, Male, Dark, 3, Chinstrap / Earring / Shaved Head
1702, Human, Male, Dark, 3, Front Beard / Frown / Clown Hair Green
1717, Human, Male, Light, 4, Bandana / Chinstrap / Earring / Eye Patch
1719, Human, Male, Albino, 3, Cap Forward / Earring / Nerd Glasses
1722, Human, Male, Light, 3, Normal Beard Black / Fedora / Nerd Glasses
1731, Human, Male, Dark, 2, Cap Forward / Eye Patch
1732, Human, Male, Dark, 3, Police Cap / Earring / 3D Glasses
1755, Human, Male, Medium, 3, Gold Chain / Crazy Hair / VR
1757, Human, Male, Dark, 2, Nerd Glasses / Shaved Head
1769, Human, Male, Dark, 2, Cap Forward / Mustache
1773, Human, Male, Light, 3, Vampire Hair / Muttonchops / Eye Patch
1775, Human, Female, Medium, 3, Tiara / Purple Eye Shadow / Earring
1777, Human, Male, Light, 2, Vampire Hair / Gold Chain
1780, Human, Female, Medium, 2, Wild White Hair / Horned Rim Glasses
1782, Human, Male, Dark, 3, Handlebars / Earring / Cowboy Hat
1819, Human, Male, Albino, 4, Police Cap / Classic Shades / Earring / Big Beard
1821, Human, Female, Medium, 1, Welding Goggles
1822, Human, Male, Dark, 3, Normal Beard Black / Cap / Small Shades
1825, Human, Male, Dark, 2, Police Cap / Muttonchops
1836, Human, Male, Light, 2, Cap Forward / Horned Rim Glasses
1839, Human, Male, Dark, 6, Cigarette / Mustache / Earring / Nerd Glasses / Knitted Cap / Smile
1843, Human, Male, Albino, 3, Luxurious Beard / Wild Hair / Earring
1853, Human, Male, Medium, 3, Cap Forward / Front Beard Dark / Earring
1863, Human, Male, Medium, 4, Front Beard Dark / Earring / Shaved Head / Eye Patch
1864, Human, Male, Medium, 3, Clown Eyes Blue / Clown Hair Green / Mole
1886, Zombie, Male, , 2, Messy Hair / Shadow Beard
1887, Human, Male, Dark, 2, Police Cap / Nerd Glasses
1903, Human, Male, Medium, 1, Beanie
1928, Human, Male, Dark, 2, Crazy Hair / Clown Eyes Green
1935, Zombie, Male, , 2, Earring / Shaved Head
1991, Human, Male, Dark, 3, Fedora / Normal Beard / Regular Shades
2000, Human, Female, Dark, 3, Big Shades / Tiara / Earring
2002, Human, Male, Albino, 2, Messy Hair / Shadow Beard
2009, Human, Male, Dark, 3, Police Cap / Earring / Normal Beard
2011, Human, Male, Light, 3, Cap Forward / Muttonchops / Nerd Glasses
2030, Human, Female, Medium, 3, Crazy Hair / Earring / 3D Glasses
2042, Human, Male, Medium, 2, Crazy Hair / 3D Glasses
2044, Human, Male, Light, 2, Handlebars / Police Cap
2049, Human, Male, Light, 5, Chinstrap / Earring / Pipe / VR / Do-rag
2054, Human, Female, Dark, 4, Clown Nose / Pipe / Clown Eyes Green / Straight Hair Blonde
2066, Zombie, Male, , 1, Knitted Cap
2068, Human, Female, Dark, 3, Tassle Hat / Regular Shades / Purple Lipstick
2081, Human, Male, Medium, 3, Police Cap / Shadow Beard / Eye Patch
2089, Human, Male, Dark, 2, Police Cap / Regular Shades
2095, Human, Female, Dark, 2, Clown Hair Green / Classic Shades
2116, Human, Male, Albino, 1, Cap Forward
2132, Zombie, Male, , 3, Normal Beard Black / Hoodie / Nerd Glasses
2133, Human, Female, Dark, 3, Pipe / Wild White Hair / Earring
2140, Ape, Male, , 2, Knitted Cap / Small Shades
2147, Human, Male, Light, 2, Bandana / Nerd Glasses
2162, Human, Female, Albino, 3, Tassle Hat / Purple Eye Shadow / Purple Lipstick
2163, Human, Male, Light, 3, Big Shades / Headband / Smile
2169, Human, Female, Albino, 2, Pilot Helmet / Purple Lipstick
2178, Human, Male, Medium, 2, Hoodie / Front Beard Dark
2179, Human, Male, Albino, 3, Earring / Top Hat / Regular Shades
2180, Human, Female, Light, 3, Wild White Hair / Welding Goggles / Purple Lipstick
2185, Human, Male, Dark, 2, Big Shades / Clown Hair Green
2190, Human, Female, Albino, 3, Pink With Hat / Earring / Clown Eyes Blue
2218, Human, Female, Light, 2, Welding Goggles / Dark Hair
2225, Human, Male, Light, 3, Vampire Hair / Muttonchops / Clown Eyes Green
2243, Ape, Male, , 2, Bandana / Nerd Glasses
2254, Human, Male, Dark, 3, Fedora / 3D Glasses / Mole
2267, Human, Male, Light, 4, Buck Teeth / Handlebars / Knitted Cap / Clown Eyes Green
2268, Human, Male, Albino, 4, Cap Forward / Big Shades / Silver Chain / Earring
2273, Human, Female, Light, 2, Wild White Hair / Clown Eyes Blue
2294, Human, Male, Dark, 3, Luxurious Beard / Hoodie / Big Shades
2299, Human, Female, Dark, 3, Tassle Hat / Black Lipstick / Horned Rim Glasses
2303, Human, Male, Medium, 3, Chinstrap / Fedora / Small Shades
2304, Human, Male, Albino, 3, Crazy Hair / Regular Shades / Big Beard
2306, Zombie, Male, , 3, Cigarette / Mohawk Thin / Earring
2319, Human, Male, Medium, 5, Bandana / Frown / Shadow Beard / Nerd Glasses / Rosy Cheeks
2326, Human, Male, Dark, 2, Horned Rim Glasses / Clown Hair Green
2327, Human, Male, Albino, 4, Eye Mask / Fedora / Mustache / Earring
2329, Zombie, Male, , 2, Peak Spike / Earring
2333, Human, Male, Light, 3, Bandana / Medical Mask / Small Shades
2336, Human, Male, Light, 3, Clown Nose / Earring / Clown Hair Green
2360, Human, Female, Albino, 3, Wild White Hair / Earring / Clown Eyes Blue
2362, Human, Male, Dark, 4, Bandana / Front Beard Dark / Rosy Cheeks / Small Shades
2369, Human, Male, Dark, 3, Normal Beard Black / Cap / Classic Shades
2373, Human, Male, Light, 2, Police Cap / Muttonchops
2375, Human, Male, Light, 4, Mustache / Earring / Pipe / Clown Hair Green
2386, Ape, Male, , 2, Headband / Small Shades
2394, Human, Female, Albino, 2, Mohawk / Welding Goggles
2401, Human, Male, Medium, 3, Police Cap / Earring / Regular Shades
2410, Human, Male, Medium, 3, Eye Mask / Luxurious Beard / Shaved Head
2423, Human, Male, Dark, 3, Clown Eyes Blue / Hoodie / Silver Chain
2424, Zombie, Male, , 3, Bandana / Frown / Earring
2460, Ape, Male, , 2, Bandana / VR
2475, Human, Female, Dark, 2, Clown Nose / Clown Hair Green
2484, Zombie, Male, , 2, Wild Hair / Classic Shades
2490, Human, Male, Dark, 4, Vampire Hair / Shadow Beard / Pipe / Small Shades
2491, Ape, Male, , 1, Cap
2492, Human, Male, Medium, 3, Horned Rim Glasses / Do-rag / Big Beard
2495, Human, Male, Albino, 4, Vape / Mustache / Earring / Clown Hair Green
2502, Human, Female, Medium, 3, Pigtails / Regular Shades / Earring
2548, Human, Male, Medium, 3, Cap Forward / Nerd Glasses / Smile
2559, Human, Male, Medium, 3, Messy Hair / Earring / Small Shades
2560, Zombie, Male, , 4, Front Beard / Earring / Headband / VR
2572, Human, Male, Albino, 3, Vampire Hair / Front Beard / 3D Glasses
2588, Human, Female, Albino, 4, Tassle Hat / Spots / Earring / Clown Eyes Blue
2590, Human, Male, Dark, 4, Muttonchops / Fedora / Earring / Nerd Glasses
2607, Human, Male, Medium, 3, Handlebars / Big Shades / Headband
2612, Human, Male, Light, 2, Peak Spike / Handlebars
2613, Human, Female, Dark, 3, Mole / Welding Goggles / Pigtails
2614, Human, Male, Dark, 3, Clown Eyes Blue / Luxurious Beard / Police Cap
2620, Human, Male, Light, 3, Wild Hair / Normal Beard / 3D Glasses
2623, Human, Female, Dark, 4, Big Shades / Wild White Hair / Purple Lipstick / Earring
2639, Human, Male, Medium, 5, Bandana / Frown / Shadow Beard / Classic Shades / Pipe
2640, Human, Male, Albino, 3, Shadow Beard / Earring / Shaved Head
2645, Human, Female, Albino, 3, Wild White Hair / Hot Lipstick / Regular Shades
2657, Human, Male, Light, 5, Clown Nose / Fedora / Pipe / Smile / Regular Shades
2676, Human, Female, Dark, 1, Tiara
2681, Zombie, Male, , 2, Clown Eyes Blue / Cap
2685, Human, Male, Light, 2, Normal Beard Black / Purple Hair
2688, Human, Male, Dark, 4, Vampire Hair / Earring / Normal Beard / Regular Shades
2705, Human, Female, Dark, 2, Welding Goggles / Blonde Bob
2711, Ape, Male, , 2, Cap Forward / Earring
2715, Human, Male, Medium, 4, Luxurious Beard / Frown / Earring / Medical Mask
2725, Human, Female, Medium, 2, Welding Goggles / Dark Hair
2737, Human, Male, Medium, 4, Luxurious Beard / Big Shades / Wild Hair / Earring
2747, Human, Male, Dark, 3, Luxurious Beard / Purple Hair / Pipe
2758, Human, Male, Dark, 3, Cigarette / Cap Forward / Clown Eyes Green
2774, Human, Male, Light, 3, Stringy Hair / Earring / Nerd Glasses
2777, Human, Male, Dark, 3, Normal Beard / Shaved Head / Small Shades
2789, Human, Male, Light, 3, Vampire Hair / Shadow Beard / Horned Rim Glasses
2819, Human, Male, Light, 4, Vampire Hair / Chinstrap / Horned Rim Glasses / Mole
2823, Human, Male, Dark, 2, Hoodie / VR
2831, Human, Female, Dark, 3, Big Shades / Wild White Hair / Black Lipstick
2845, Human, Male, Light, 3, Earring / Clown Hair Green / Eye Patch
2857, Human, Female, Medium, 3, Welding Goggles / Crazy Hair / Cigarette
2859, Human, Male, Medium, 3, Headband / Small Shades / Big Beard
2874, Human, Male, Light, 3, Clown Nose / Crazy Hair / Eye Patch
2890, Alien, Male, , 1, Cap
2891, Human, Female, Albino, 2, Tiara / Regular Shades
2894, Human, Male, Medium, 5, Frown / Hoodie / Gold Chain / Chinstrap / Earring
2898, Human, Male, Dark, 3, Big Shades / Earring / Do-rag
2924, Ape, Male, , 1, Hoodie
2930, Human, Male, Medium, 2, Big Shades / Clown Hair Green
2959, Human, Male, Albino, 3, Muttonchops / Shaved Head / Clown Eyes Green
2960, Human, Female, Medium, 2, Tassle Hat / Medical Mask
2961, Human, Male, Medium, 4, Frown / Wild Hair / Big Beard / Mole
2962, Human, Male, Medium, 4, Cigarette / Normal Beard Black / Crazy Hair / Clown Eyes Green
2964, Human, Male, Light, 1, Beanie
2967, Zombie, Male, , 2, Mohawk Thin / Chinstrap
2980, Human, Male, Light, 3, Cap Forward / Mustache / VR
2981, Human, Female, Medium, 2, Welding Goggles / Mohawk Thin
2985, Human, Male, Dark, 2, Buck Teeth / Fedora
2997, Human, Female, Dark, 2, Clown Eyes Green / Clown Hair Green
3011, Human, Male, Dark, 6, Vampire Hair / Frown / Earring / Normal Beard / Pipe / Small Shades
3015, Human, Female, Medium, 3, Welding Goggles / Crazy Hair / Hot Lipstick
3016, Human, Male, Light, 4, Messy Hair / Normal Beard Black / Smile / Clown Eyes Green
3035, Human, Male, Medium, 3, Handlebars / Wild Hair / Nerd Glasses
3052, Human, Male, Light, 3, Normal Beard Black / Cap / Medical Mask
3062, Human, Male, Light, 3, Luxurious Beard / Earring / Shaved Head
3079, Human, Female, Light, 2, Tassle Hat / Eye Mask
3100, Alien, Male, , 1, Headband
3105, Human, Female, Dark, 1, Welding Goggles
3106, Human, Male, Dark, 2, Beanie / Shadow Beard
3107, Human, Male, Dark, 3, Beanie / Earring / Big Beard
3119, Human, Female, Dark, 3, Wild White Hair / Black Lipstick / Horned Rim Glasses
3120, Human, Male, Medium, 3, Cap Forward / Front Beard Dark / Medical Mask
3127, Human, Male, Light, 5, Chinstrap / Earring / Nerd Glasses / Do-rag / Mole
3129, Human, Male, Dark, 3, Vampire Hair / Chinstrap / VR
3139, Human, Female, Dark, 3, Big Shades / Spots / Pink With Hat
3143, Human, Male, Dark, 3, Handlebars / Earring / Shaved Head
3144, Human, Male, Dark, 2, Normal Beard Black / Cowboy Hat
3176, Human, Female, Medium, 3, Welding Goggles / Straight Hair / Earring
3177, Human, Male, Dark, 3, Luxurious Beard / Frown / Clown Hair Green
3178, Human, Female, Light, 3, Wild White Hair / Purple Lipstick / 3D Glasses
3211, Zombie, Male, , 2, Goat / Headband
3217, Human, Male, Albino, 4, Stringy Hair / Big Shades / Chinstrap / Earring
3249, Human, Male, Light, 4, Earring / Nerd Glasses / Goat / Do-rag
3250, Human, Male, Light, 3, Horned Rim Glasses / Crazy Hair / Smile
3268, Human, Male, Light, 4, Clown Eyes Blue / Earring / Goat / Crazy Hair
3277, Human, Female, Light, 3, Tassle Hat / Regular Shades / Earring
3280, Human, Male, Medium, 3, Purple Hair / Earring / Medical Mask
3281, Human, Male, Dark, 3, Beanie / Earring / Small Shades
3298, Human, Male, Light, 3, Hoodie / Eye Patch / Big Beard
3307, Human, Male, Albino, 0, 
3316, Human, Male, Light, 3, Shadow Beard / Horned Rim Glasses / Clown Hair Green
3322, Human, Male, Medium, 3, Bandana / Front Beard Dark / VR
3368, Human, Male, Dark, 3, Silver Chain / Fedora / Mole
3385, Human, Female, Dark, 2, Tassle Hat / Eye Patch
3392, Human, Male, Dark, 4, Fedora / Earring / Nerd Glasses / Pipe
3393, Zombie, Male, , 2, Frown / Crazy Hair
3434, Human, Male, Light, 4, Fedora / Earring / Nerd Glasses / Goat
3443, Alien, Male, , 2, Earring / Cowboy Hat
3444, Human, Male, Light, 3, Cap Forward / Earring / Smile
3461, Human, Male, Albino, 3, Luxurious Beard / Classic Shades / Do-rag
3489, Zombie, Male, , 2, Stringy Hair / Eye Patch
3506, Human, Male, Dark, 4, Shadow Beard / Earring / Headband / VR
3511, Human, Female, Light, 3, Black Lipstick / Pink With Hat / VR
3516, Human, Male, Dark, 3, Messy Hair / Earring / 3D Glasses
3546, Human, Male, Light, 2, Earring / Top Hat
3569, Human, Male, Light, 3, Earring / Smile / Shaved Head
3575, Human, Male, Albino, 3, Bandana / Earring / Clown Eyes Green
3581, Human, Female, Medium, 3, Tassle Hat / Purple Lipstick / Nerd Glasses
3604, Human, Female, Medium, 2, Classic Shades / Stringy Hair
3609, Zombie, Male, , 2, Earring / Do-rag
3620, Human, Male, Dark, 4, Gold Chain / Wild Hair / Earring / Normal Beard
3636, Zombie, Male, , 3, Front Beard Dark / Earring / Top Hat
3662, Human, Male, Dark, 2, Headband / Clown Eyes Green
3669, Human, Male, Dark, 2, Beanie / Eye Patch
3680, Human, Male, Dark, 3, Bandana / Silver Chain / Horned Rim Glasses
3682, Human, Male, Dark, 2, Top Hat / Medical Mask
3684, Human, Female, Medium, 4, Gold Chain / Tiara / Hot Lipstick / Earring
3706, Human, Female, Medium, 5, Tassle Hat / Clown Nose / Big Shades / Black Lipstick / Earring
3712, Human, Female, Medium, 3, Vape / Tiara / Classic Shades
3744, Human, Male, Dark, 3, Earring / Crazy Hair / Mole
3762, Human, Male, Light, 3, Spots / Mustache / Do-rag
3797, Human, Male, Dark, 3, Gold Chain / Muttonchops / Do-rag
3799, Human, Female, Medium, 3, Tassle Hat / Hot Lipstick / Classic Shades
3800, Human, Male, Dark, 3, Earring / Top Hat / Small Shades
3801, Human, Male, Dark, 4, Clown Nose / Earring / Big Beard / Cowboy Hat
3831, Zombie, Male, , 3, Vampire Hair / Big Shades / Medical Mask
3839, Human, Male, Albino, 4, Eye Mask / Front Beard Dark / Earring / Crazy Hair
3873, Human, Male, Light, 2, Hoodie / Big Shades
3904, Human, Male, Albino, 2, Chinstrap / Fedora
3907, Human, Male, Light, 4, Clown Eyes Blue / Muttonchops / Fedora / Earring
3916, Human, Male, Light, 2, Chinstrap / Top Hat
3927, Human, Male, Light, 3, Front Beard Dark / VR / Shaved Head
3942, Human, Male, Light, 4, Chinstrap / Purple Hair / Earring / VR
3966, Human, Male, Medium, 4, Vampire Hair / Shadow Beard / Earring / Small Shades
3973, Human, Male, Medium, 3, Muttonchops / Purple Hair / Small Shades
4004, Human, Female, Light, 2, Tiara / Eye Patch
4008, Human, Male, Light, 2, Beanie / Nerd Glasses
4010, Human, Female, Medium, 2, Mohawk / Welding Goggles
4015, Human, Female, Dark, 3, Wild White Hair / Welding Goggles / Hot Lipstick
4029, Human, Male, Dark, 2, Top Hat / Big Beard
4033, Human, Male, Light, 4, Shadow Beard / Earring / VR / Shaved Head
4034, Human, Male, Light, 4, Luxurious Beard / Classic Shades / Earring / Knitted Cap
4056, Human, Female, Albino, 4, Tassle Hat / VR / Purple Lipstick / Earring
4072, Human, Female, Dark, 4, Headband / Hot Lipstick / Earring / Clown Eyes Blue
4077, Human, Male, Albino, 2, Wild Hair / Earring
4082, Human, Male, Medium, 3, Mustache / Top Hat / Pipe
4086, Human, Female, Medium, 3, Wild White Hair / Clown Eyes Green / Purple Lipstick
4109, Human, Male, Albino, 2, Normal Beard Black / Purple Hair
4113, Human, Male, Medium, 2, Clown Hair Green / Eye Patch
4136, Human, Male, Dark, 2, Beanie / Horned Rim Glasses
4156, Ape, Male, , 1, Bandana
4160, Human, Male, Light, 3, Front Beard Dark / Purple Hair / Small Shades
4173, Human, Male, Light, 4, Clown Nose / Mohawk Thin / Nerd Glasses / Medical Mask
4178, Ape, Male, , 1, Do-rag
4217, Human, Male, Medium, 3, Clown Eyes Blue / Normal Beard / Do-rag
4220, Human, Male, Dark, 3, Hoodie / Big Shades / Shadow Beard
4231, Human, Female, Dark, 5, Medical Mask / Dark Hair / Purple Lipstick / Earring / Clown Eyes Blue
4234, Human, Male, Dark, 4, Gold Chain / Purple Hair / Earring / Horned Rim Glasses
4246, Human, Male, Light, 3, Hoodie / Silver Chain / Small Shades
4251, Human, Male, Dark, 4, Mustache / Earring / Top Hat / VR
4259, Human, Male, Light, 4, Shadow Beard / Horned Rim Glasses / Crazy Hair / Medical Mask
4290, Human, Male, Light, 2, Handlebars / Top Hat
4295, Human, Male, Light, 3, Vampire Hair / Normal Beard Black / Earring
4301, Human, Female, Albino, 3, Wild White Hair / VR / Purple Lipstick
4324, Human, Male, Medium, 5, Eye Mask / Normal Beard Black / Buck Teeth / Earring / Headband
4325, Human, Male, Albino, 3, Classic Shades / Earring / Do-rag
4338, Human, Male, Dark, 3, Clown Nose / Cap Forward / Nerd Glasses
4350, Human, Male, Dark, 4, Earring / Headband / Clown Eyes Green / Big Beard
4355, Human, Male, Medium, 3, Vampire Hair / Classic Shades / Earring
4363, Human, Male, Dark, 3, Vampire Hair / Normal Beard Black / Eye Patch
4367, Human, Female, Light, 2, Tassle Hat / Pipe
4376, Human, Female, Albino, 3, Pigtails / Hot Lipstick / Clown Eyes Blue
4383, Human, Female, Dark, 4, Pink With Hat / Hot Lipstick / Classic Shades / Earring
4437, Human, Male, Light, 2, Fedora / 3D Glasses
4441, Human, Male, Light, 2, Hoodie / 3D Glasses
4464, Ape, Male, , 3, Eye Mask / Vape / Do-rag
4469, Human, Male, Light, 3, Messy Hair / Normal Beard / VR
4472, Zombie, Male, , 2, Cigarette / Purple Hair
4483, Human, Male, Medium, 4, Shadow Beard / Fedora / Earring / Horned Rim Glasses
4485, Human, Female, Medium, 3, Black Lipstick / Horned Rim Glasses / Pink With Hat
4497, Human, Male, Light, 2, Fedora / Clown Eyes Green
4500, Human, Female, Dark, 3, Welding Goggles / Dark Hair / Purple Lipstick
4506, Human, Male, Light, 3, Beanie / Front Beard / Earring
4513, Zombie, Male, , 3, Beanie / Luxurious Beard / Earring
4526, Human, Male, Dark, 3, Clown Nose / Hoodie / Normal Beard
4529, Human, Male, Dark, 3, Eye Mask / Frown / Top Hat
4531, Human, Male, Dark, 3, Luxurious Beard / Purple Hair / Small Shades
4535, Human, Female, Dark, 2, Pink With Hat / Clown Eyes Green
4549, Human, Male, Albino, 2, VR / Clown Hair Green
4553, Human, Male, Medium, 3, Luxurious Beard / Classic Shades / Crazy Hair
4572, Human, Male, Medium, 4, Frown / Purple Hair / Mustache / Nerd Glasses
4574, Human, Male, Dark, 4, Frown / Shadow Beard / Crazy Hair / VR
4575, Human, Female, Dark, 4, Mole / Wild White Hair / Purple Eye Shadow / Purple Lipstick
4589, Human, Male, Light, 3, Hoodie / Muttonchops / Nerd Glasses
4596, Human, Male, Dark, 4, Clown Nose / Gold Chain / Knitted Cap / Medical Mask
4604, Human, Male, Medium, 2, Shadow Beard / Top Hat
4627, Human, Female, Dark, 2, Clown Hair Green / Welding Goggles
4633, Human, Male, Dark, 2, Stringy Hair / Big Beard
4660, Human, Male, Light, 4, Vampire Hair / Front Beard Dark / Earring / Eye Patch
4670, Human, Male, Light, 3, Clown Eyes Blue / Normal Beard Black / Do-rag
4677, Human, Female, Dark, 3, Welding Goggles / Dark Hair / Earring
4690, Human, Male, Medium, 3, Clown Eyes Blue / Cap Forward / Earring
4719, Human, Female, Medium, 3, Pipe / Straight Hair Blonde / Purple Lipstick
4723, Human, Male, Medium, 4, Normal Beard Black / Classic Shades / Medical Mask / Shaved Head
4725, Human, Male, Dark, 3, Earring / Shaved Head / Big Beard
4731, Human, Male, Medium, 4, Earring / Normal Beard / Shaved Head / Small Shades
4747, Zombie, Male, , 2, Clown Eyes Blue / Headband
4750, Human, Male, Light, 3, Front Beard / Nerd Glasses / Cowboy Hat
4752, Human, Female, Dark, 3, Tiara / Horned Rim Glasses / Purple Lipstick
4754, Human, Male, Albino, 2, Vampire Hair / Chinstrap
4759, Human, Male, Medium, 3, Handlebars / Big Shades / Purple Hair
4765, Human, Male, Dark, 3, Vampire Hair / Shadow Beard / Pipe
4767, Human, Female, Dark, 4, Tassle Hat / Clown Eyes Green / Purple Lipstick / Earring
4774, Human, Male, Medium, 4, Earring / Rosy Cheeks / Do-rag / Clown Eyes Green
4780, Human, Male, Dark, 2, VR / Cowboy Hat
4820, Human, Male, Albino, 4, Cigarette / Purple Hair / Earring / Horned Rim Glasses
4861, Human, Male, Light, 2, Normal Beard Black / Mohawk Thin
4874, Zombie, Male, , 5, Cigarette / Messy Hair / Clown Nose / Mustache / Earring
4877, Human, Male, Dark, 3, Messy Hair / Earring / VR
4924, Human, Female, Albino, 2, Big Shades / Pink With Hat
4928, Human, Female, Albino, 2, Pipe / Clown Hair Green
4943, Human, Female, Dark, 3, Tassle Hat / Classic Shades / Purple Lipstick
4945, Human, Male, Albino, 2, Normal Beard Black / Police Cap
4956, Human, Male, Light, 3, Big Shades / Front Beard Dark / Purple Hair
4967, Human, Male, Dark, 3, Shadow Beard / Purple Hair / Small Shades
4970, Human, Male, Dark, 3, Handlebars / Purple Hair / Small Shades
4987, Human, Male, Dark, 3, Bandana / Buck Teeth / Clown Eyes Green
4992, Human, Male, Albino, 2, Hoodie / Classic Shades
5002, Human, Male, Dark, 4, Beanie / Earring / Nerd Glasses / Pipe
5004, Human, Male, Light, 4, Front Beard Dark / Earring / Horned Rim Glasses / Headband
5056, Human, Male, Albino, 4, Beanie / Luxurious Beard / Earring / VR
5111, Human, Male, Light, 3, Eye Mask / Normal Beard / Cowboy Hat
5135, Human, Female, Medium, 4, Pipe / Blue Eye Shadow / Wild White Hair / Black Lipstick
5170, Human, Male, Light, 3, Big Shades / Fedora / Earring
5204, Human, Male, Light, 5, Front Beard Dark / Fedora / Classic Shades / Earring / Medical Mask
5217, Ape, Male, , 2, Gold Chain / Knitted Cap
5230, Human, Male, Light, 2, Beanie / Shadow Beard
5232, Human, Female, Medium, 4, Wild White Hair / Black Lipstick / Earring / Nerd Glasses
5234, Zombie, Male, , 3, Big Shades / Earring / Crazy Hair
5235, Human, Male, Dark, 3, Clown Nose / Silver Chain / Cowboy Hat
5246, Human, Male, Light, 2, Gold Chain / Fedora
5300, Human, Male, Medium, 4, Silver Chain / Nerd Glasses / Goat / Do-rag
5314, Ape, Male, , 2, Horned Rim Glasses / Do-rag
5336, Zombie, Male, , 1, Police Cap
5381, Human, Male, Albino, 2, Clown Eyes Green / Cowboy Hat
5402, Human, Male, Albino, 3, Hoodie / Shadow Beard / Clown Eyes Green
5418, Human, Male, Dark, 4, Mustache / Earring / Nerd Glasses / Shaved Head
5489, Zombie, Male, , 1, Fedora
5493, Human, Female, Dark, 4, Pipe / Pigtails / Classic Shades / Purple Lipstick
5494, Human, Male, Medium, 3, Stringy Hair / Normal Beard Black / Earring
5537, Human, Male, Medium, 3, Bandana / Normal Beard Black / Clown Eyes Green
5554, Human, Female, Dark, 3, Eye Mask / Pink With Hat / Purple Lipstick
5572, Human, Female, Dark, 4, Medical Mask / Pigtails / Earring / Clown Eyes Blue
5573, Zombie, Male, , 3, Luxurious Beard / Mohawk / 3D Glasses
5577, Ape, Male, , 1, Cowboy Hat
5579, Human, Male, Albino, 2, Messy Hair / Mustache
5586, Human, Male, Medium, 3, Gold Chain / Classic Shades / Headband
5608, Human, Female, Dark, 2, Pigtails / 3D Glasses
5610, Human, Female, Light, 2, Tiara / Horned Rim Glasses
5633, Human, Male, Dark, 3, Big Shades / Shadow Beard / Top Hat
5662, Human, Male, Medium, 3, Gold Chain / Horned Rim Glasses / Shaved Head
5666, Human, Female, Albino, 3, Tassle Hat / Black Lipstick / Clown Eyes Green
5670, Human, Female, Dark, 2, Orange Side / Welding Goggles
5680, Human, Male, Dark, 3, Handlebars / Crazy Hair / Medical Mask
5690, Human, Male, Medium, 3, Beanie / Muttonchops / 3D Glasses
5696, Human, Male, Light, 3, Eye Mask / Police Cap / Mustache
5732, Human, Male, Albino, 4, Stringy Hair / Clown Eyes Blue / Normal Beard Black / Smile
5734, Human, Female, Light, 3, Mole / Tiara / Green Eye Shadow
5746, Human, Male, Light, 5, Shadow Beard / Earring / Clown Hair Green / Small Shades / Mole
5761, Zombie, Male, , 2, Bandana / Horned Rim Glasses
5775, Human, Female, Albino, 2, Clown Eyes Green / Clown Hair Green
5782, Human, Male, Medium, 4, Vampire Hair / Earring / Normal Beard / VR
5795, Ape, Male, , 1, Police Cap
5797, Human, Male, Light, 4, Normal Beard Black / Cap Forward / Earring / Nerd Glasses
5822, Alien, Male, , 1, Bandana
5824, Human, Female, Light, 3, Headband / Earring / 3D Glasses
5838, Human, Female, Dark, 3, Wild White Hair / Medical Mask / Purple Lipstick
5865, Human, Male, Medium, 3, Peak Spike / Horned Rim Glasses / Goat
5905, Alien, Male, , 2, Do-rag / Small Shades
5929, Human, Female, Dark, 2, Tassle Hat / VR
5930, Human, Male, Dark, 3, Messy Hair / Handlebars / Gold Chain
5934, Human, Female, Dark, 2, Pipe / Pink With Hat
5949, Human, Female, Dark, 6, Mole / Tassle Hat / Big Shades / Medical Mask / Purple Lipstick / Earring
5958, Human, Male, Light, 3, Wild Hair / Horned Rim Glasses / Medical Mask
5974, Human, Male, Light, 2, VR / Cowboy Hat
5986, Human, Male, Dark, 4, Clown Eyes Blue / Fedora / Mustache / Earring
6043, Human, Female, Dark, 2, Orange Side / 3D Glasses
6061, Human, Male, Light, 4, Stringy Hair / Earring / Smile / 3D Glasses
6068, Human, Male, Medium, 4, Stringy Hair / Cigarette / Mustache / Horned Rim Glasses
6089, Alien, Male, , 2, Earring / Knitted Cap
6094, Human, Male, Medium, 2, Gold Chain / Headband
6099, Human, Female, Dark, 2, Welding Goggles / Crazy Hair
6100, Human, Male, Light, 3, Vampire Hair / Mustache / Eye Patch
6107, Human, Female, Dark, 3, Blue Eye Shadow / Gold Chain / Crazy Hair
6129, Human, Male, Medium, 3, Luxurious Beard / Do-rag / Regular Shades
6141, Human, Female, Light, 3, Pipe / Pink With Hat / Purple Lipstick
6145, Ape, Male, , 3, Cigarette / Cap / Earring
6146, Human, Male, Dark, 3, Shadow Beard / Silver Chain / Do-rag
6152, Human, Female, Dark, 3, Blue Eye Shadow / Medical Mask / Stringy Hair
6166, Human, Male, Medium, 3, Eye Mask / Normal Beard Black / Hoodie
6182, Human, Female, Medium, 2, Tiara / Green Eye Shadow
6252, Human, Male, Medium, 4, Big Shades / Goat / Top Hat / Pipe
6297, Zombie, Male, , 3, Cigarette / Nerd Glasses / Top Hat
6336, Human, Male, Medium, 2, Beanie / Shadow Beard
6345, Human, Female, Light, 3, Wild White Hair / Black Lipstick / Welding Goggles
6360, Human, Male, Medium, 4, Mustache / Earring / Regular Shades / Cowboy Hat
6375, Human, Male, Dark, 2, Pipe / Cowboy Hat
6402, Human, Female, Medium, 2, Pigtails / VR
6443, Human, Male, Albino, 2, Horned Rim Glasses / Clown Hair Green
6466, Human, Male, Dark, 5, Buck Teeth / Gold Chain / Chinstrap / Mole / Cowboy Hat
6472, Human, Male, Light, 2, Beanie / Earring
6477, Human, Male, Medium, 3, Eye Mask / Handlebars / Top Hat
6487, Human, Female, Albino, 0, 
6491, Zombie, Male, , 3, Cap Forward / Shadow Beard / Earring
6513, Human, Female, Dark, 3, Pink With Hat / Purple Lipstick / 3D Glasses
6519, Human, Male, Medium, 2, Stringy Hair / Big Beard
6521, Human, Male, Light, 3, Fedora / Goat / Regular Shades
6567, Human, Male, Medium, 3, Normal Beard / Knitted Cap / Small Shades
6576, Human, Female, Albino, 2, Tassle Hat / Regular Shades
6586, Zombie, Male, , 2, Knitted Cap / Smile
6612, Human, Female, Dark, 3, Tassle Hat / Hot Lipstick / VR
6620, Human, Female, Dark, 2, Tassle Hat / Eye Mask
6693, Human, Male, Dark, 4, Luxurious Beard / Purple Hair / Classic Shades / Earring
6704, Zombie, Male, , 3, Cigarette / Earring / Rosy Cheeks
6721, Human, Male, Medium, 2, Hoodie / Smile
6727, Human, Female, Dark, 3, Black Lipstick / Pink With Hat / Nerd Glasses
6740, Human, Male, Albino, 3, Clown Nose / Luxurious Beard / Clown Hair Green
6800, Human, Male, Albino, 3, Purple Hair / Pipe / Eye Patch
6826, Human, Male, Medium, 3, Pipe / Do-rag / Small Shades
6844, Human, Female, Light, 3, Pigtails / Purple Lipstick / Earring
6869, Human, Male, Medium, 3, Cap Forward / Buck Teeth / Classic Shades
6871, Human, Male, Dark, 4, Bandana / Buck Teeth / Nerd Glasses / Pipe
6903, Human, Female, Dark, 3, Eye Mask / Gold Chain / Stringy Hair
6915, Ape, Male, , 3, Cap / Earring / Eye Patch
6923, Human, Male, Light, 3, Hoodie / Mustache / Small Shades
6932, Human, Female, Dark, 3, Tiara / Earring / Clown Eyes Blue
6940, Human, Male, Albino, 3, Hoodie / Front Beard Dark / VR
6955, Human, Male, Dark, 3, Fedora / Pipe / 3D Glasses
6965, Ape, Male, , 1, Fedora
6984, Human, Male, Light, 3, Classic Shades / Mustache / Cowboy Hat
7021, Human, Male, Albino, 2, Shaved Head / Clown Eyes Green
7026, Human, Male, Medium, 3, Mustache / Earring / Cowboy Hat
7045, Human, Female, Light, 3, Tassle Hat / Earring / Nerd Glasses
7046, Human, Male, Dark, 4, Stringy Hair / Gold Chain / Earring / Nerd Glasses
7047, Human, Male, Albino, 2, Handlebars / Top Hat
7057, Human, Female, Albino, 3, Clown Nose / Pilot Helmet / Hot Lipstick
7083, Human, Female, Dark, 3, Wild White Hair / Clown Eyes Green / Purple Lipstick
7121, Zombie, Male, , 2, Frumpy Hair / Horned Rim Glasses
7127, Zombie, Male, , 3, Bandana / Eye Mask / Earring
7138, Human, Female, Medium, 3, Tiara / Purple Lipstick / Clown Eyes Blue
7139, Human, Male, Medium, 4, Shadow Beard / Wild Hair / Earring / 3D Glasses
7158, Human, Male, Medium, 4, Luxurious Beard / Purple Hair / Earring / Clown Eyes Green
7162, Human, Male, Dark, 4, Hoodie / Spots / Classic Shades / Earring
7167, Human, Male, Dark, 4, Shadow Beard / Earring / Shaved Head / 3D Glasses
7191, Ape, Male, , 2, Nerd Glasses / Knitted Cap
7209, Human, Male, Light, 2, Crazy Hair / 3D Glasses
7217, Human, Male, Albino, 4, Hoodie / Mustache / Earring / Eye Patch
7261, Human, Male, Medium, 3, Beanie / Earring / Normal Beard
7266, Human, Female, Albino, 3, Blue Eye Shadow / Stringy Hair / Earring
7273, Human, Male, Albino, 3, Cap / Smile / 3D Glasses
7311, Human, Female, Medium, 3, Tassle Hat / Purple Lipstick / 3D Glasses
7328, Human, Male, Light, 3, Purple Hair / Classic Shades / Mustache
7341, Human, Male, Light, 3, Vampire Hair / Front Beard / Clown Eyes Green
7350, Human, Male, Dark, 2, Bandana / Clown Nose
7365, Human, Male, Medium, 3, Earring / Nerd Glasses / Cowboy Hat
7372, Human, Male, Medium, 4, Front Beard Dark / Earring / Headband / 3D Glasses
7407, Human, Male, Light, 2, Beanie / Classic Shades
7418, Human, Male, Medium, 3, Vampire Hair / Handlebars / 3D Glasses
7420, Human, Female, Light, 4, Tassle Hat / Horned Rim Glasses / Purple Lipstick / Rosy Cheeks
7426, Human, Female, Light, 4, Pipe / Pigtails / Hot Lipstick / Earring
7440, Human, Male, Albino, 3, Frown / Shadow Beard / Knitted Cap
7469, Human, Female, Medium, 3, Tassle Hat / Earring / Nerd Glasses
7508, Human, Male, Medium, 3, Wild Hair / Earring / VR
7523, Alien, Male, , 3, Earring / Knitted Cap / Medical Mask
7526, Human, Male, Dark, 3, Muttonchops / Purple Hair / Nerd Glasses
7557, Human, Female, Light, 4, Mole / Tiara / Horned Rim Glasses / Purple Lipstick
7565, Human, Male, Light, 3, Cigarette / Bandana / Eye Mask
7576, Human, Male, Light, 4, Fedora / Earring / Horned Rim Glasses / Mole
7585, Human, Male, Light, 4, Normal Beard Black / Big Shades / Earring / Cowboy Hat
7637, Human, Female, Light, 3, Wild White Hair / Hot Lipstick / Nerd Glasses
7647, Human, Male, Dark, 2, Clown Nose / Do-rag
7651, Human, Male, Light, 3, Normal Beard Black / Nerd Glasses / Clown Hair Green
7656, Human, Male, Light, 2, Beanie / Handlebars
7665, Human, Male, Light, 4, Luxurious Beard / Earring / Top Hat / Small Shades
7677, Human, Male, Albino, 2, Hoodie / Medical Mask
7683, Human, Male, Light, 3, Handlebars / Crazy Hair / Medical Mask
7686, Human, Male, Dark, 3, Luxurious Beard / Big Shades / Cowboy Hat
7697, Human, Male, Light, 4, Cigarette / Normal Beard Black / Purple Hair / Nerd Glasses
7699, Human, Male, Medium, 3, Normal Beard Black / Purple Hair / Classic Shades
7715, Human, Female, Medium, 3, Wild White Hair / Hot Lipstick / Classic Shades
7725, Human, Male, Light, 4, Vampire Hair / Mustache / Earring / Horned Rim Glasses
7732, Human, Male, Light, 3, Hoodie / Chinstrap / 3D Glasses
7745, Human, Male, Light, 3, Shadow Beard / Wild Hair / Small Shades
7746, Human, Male, Light, 2, Clown Eyes Blue / Cowboy Hat
7749, Human, Female, Dark, 2, Medical Mask / Stringy Hair
7753, Human, Male, Medium, 4, Purple Hair / Earring / Normal Beard / VR
7760, Human, Female, Light, 2, Wild White Hair / Eye Mask
7765, Human, Male, Medium, 4, Wild Hair / Earring / Horned Rim Glasses / Smile
7775, Human, Male, Medium, 4, Muttonchops / Classic Shades / Earring / Cowboy Hat
7804, Alien, Male, , 3, Cap Forward / Pipe / Small Shades
7817, Human, Male, Medium, 3, Vampire Hair / Nerd Glasses / Pipe
7819, Human, Male, Light, 3, Fedora / Earring / Regular Shades
7828, Human, Male, Light, 4, Classic Shades / Mustache / Earring / Top Hat
7834, Human, Female, Dark, 3, Black Lipstick / Clown Eyes Green / Mohawk Thin
7845, Human, Male, Albino, 3, Messy Hair / Luxurious Beard / Classic Shades
7846, Human, Male, Light, 2, Beanie / 3D Glasses
7895, Human, Male, Medium, 2, Horned Rim Glasses / Cowboy Hat
7905, Human, Male, Albino, 3, Stringy Hair / Normal Beard Black / Earring
7914, Zombie, Male, , 2, Normal Beard Black / Knitted Cap
7943, Human, Female, Medium, 3, Pipe / Clown Eyes Green / Headband
7975, Human, Male, Dark, 4, Chinstrap / Medical Mask / Clown Hair Green / Eye Patch
7986, Human, Male, Light, 4, Earring / Nerd Glasses / Pipe / Cowboy Hat
7990, Human, Male, Medium, 3, Buck Teeth / Purple Hair / Eye Patch
7996, Human, Male, Light, 3, Beanie / Luxurious Beard / Earring
8045, Human, Male, Medium, 3, Earring / Clown Hair Green / Big Beard
8047, Human, Male, Dark, 4, Luxurious Beard / Fedora / Earring / Horned Rim Glasses
8065, Human, Male, Light, 4, Vampire Hair / Gold Chain / Earring / Regular Shades
8071, Human, Male, Dark, 4, Vampire Hair / Muttonchops / Silver Chain / Nerd Glasses
8085, Human, Male, Dark, 3, Hoodie / Regular Shades / Big Beard
8159, Human, Male, Dark, 3, Normal Beard Black / Horned Rim Glasses / Headband
8191, Human, Male, Dark, 5, Normal Beard Black / Frown / Top Hat / 3D Glasses / Mole
8219, Ape, Male, , 1, Knitted Cap
8241, Human, Female, Dark, 4, Mole / Black Lipstick / Tiara / Regular Shades
8246, Human, Male, Dark, 3, Horned Rim Glasses / Pipe / Shaved Head
8282, Human, Female, Medium, 3, Wild White Hair / Classic Shades / Purple Lipstick
8290, Human, Female, Light, 3, Mole / Wild White Hair / VR
8320, Human, Female, Dark, 3, Tassle Hat / Gold Chain / Rosy Cheeks
8336, Human, Male, Light, 2, Clown Eyes Blue / Wild Hair
8344, Human, Male, Albino, 4, Normal Beard Black / Big Shades / Earring / Clown Hair Green
8350, Human, Female, Albino, 2, Mole / Pilot Helmet
8357, Human, Male, Light, 4, Vampire Hair / Front Beard / Clown Nose / Earring
8366, Human, Male, Light, 3, Shadow Beard / Shaved Head / Eye Patch
8376, Human, Female, Light, 4, Black Lipstick / Headband / Earring / Nerd Glasses
8390, Human, Male, Albino, 4, Stringy Hair / Frown / Nerd Glasses / Goat
8429, Human, Male, Albino, 3, Stringy Hair / Normal Beard Black / Horned Rim Glasses
8472, Zombie, Male, , 2, Mohawk Thin / Small Shades
8479, Human, Male, Dark, 4, Clown Nose / Purple Hair / Earring / Nerd Glasses
8493, Human, Female, Dark, 3, Pipe / Tiara / Hot Lipstick
8498, Ape, Male, , 2, Top Hat / Regular Shades
8501, Human, Male, Dark, 3, Handlebars / Nerd Glasses / Do-rag
8515, Human, Male, Light, 2, Hoodie / Big Beard
8527, Human, Female, Light, 2, Eye Mask / Tiara
8531, Zombie, Male, , 3, Stringy Hair / Goat / Regular Shades
8532, Human, Male, Dark, 2, Buck Teeth / Top Hat
8550, Human, Male, Light, 3, Shadow Beard / Purple Hair / 3D Glasses
8562, Human, Male, Dark, 2, Beanie / Earring
8581, Human, Male, Medium, 3, Beanie / Gold Chain / Horned Rim Glasses
8588, Human, Male, Light, 3, Luxurious Beard / Headband / Small Shades
8603, Human, Male, Dark, 3, Stringy Hair / Normal Beard Black / Big Shades
8617, Human, Female, Light, 4, Orange Side / Pipe / Big Shades / Earring
8618, Human, Male, Light, 5, Hoodie / Muttonchops / Earring / Medical Mask / Regular Shades
8620, Human, Male, Light, 2, Beanie / Regular Shades
8637, Human, Male, Dark, 3, Earring / Normal Beard / Headband
8649, Human, Male, Light, 3, Muttonchops / Horned Rim Glasses / Do-rag
8692, Human, Male, Light, 3, Normal Beard Black / Headband / 3D Glasses
8698, Human, Male, Albino, 3, Bandana / Luxurious Beard / Clown Eyes Green
8703, Human, Male, Light, 2, Do-rag / Clown Eyes Green
8718, Human, Male, Albino, 3, Wild Hair / Earring / Small Shades
8733, Human, Female, Dark, 2, Wild White Hair / Welding Goggles
8738, Human, Male, Dark, 2, Beanie / Clown Eyes Green
8744, Human, Female, Medium, 2, Horned Rim Glasses / Clown Hair Green
8746, Human, Female, Dark, 3, Tassle Hat / Clown Eyes Green / Hot Lipstick
8752, Human, Male, Dark, 2, Beanie / Regular Shades
8761, Human, Male, Light, 4, Cigarette / Cap / Front Beard Dark / Regular Shades
8768, Human, Male, Dark, 3, Stringy Hair / Luxurious Beard / VR
8770, Human, Male, Medium, 5, Normal Beard Black / Hoodie / Earring / Clown Eyes Green / Mole
8779, Human, Female, Albino, 2, Tiara / Clown Eyes Blue
8782, Human, Female, Medium, 2, Tassle Hat / Classic Shades
8785, Human, Male, Dark, 3, Beanie / Luxurious Beard / Earring
8805, Human, Female, Medium, 3, Gold Chain / Pilot Helmet / Purple Lipstick
8822, Human, Female, Dark, 3, Tassle Hat / Hot Lipstick / 3D Glasses
8839, Human, Male, Albino, 4, Cigarette / Luxurious Beard / Classic Shades / Shaved Head
8840, Human, Male, Medium, 3, Beanie / Frown / Mustache
8842, Human, Female, Dark, 3, Tiara / Classic Shades / Purple Lipstick
8844, Human, Male, Light, 5, Cigarette / Luxurious Beard / Fedora / Earring / Nerd Glasses
8851, Human, Male, Dark, 3, Beanie / Shadow Beard / Eye Patch
8857, Zombie, Male, , 2, Wild Hair / 3D Glasses
8865, Human, Male, Albino, 2, Beanie / Horned Rim Glasses
8866, Human, Male, Medium, 4, Luxurious Beard / Wild Hair / Earring / Horned Rim Glasses
8867, Human, Female, Dark, 4, Pink With Hat / Medical Mask / Purple Lipstick / Rosy Cheeks
8909, Zombie, Male, , 3, Luxurious Beard / Police Cap / Regular Shades
8944, Human, Female, Dark, 3, Clown Eyes Green / Crazy Hair / Earring
8957, Zombie, Male, , 2, Frumpy Hair / Luxurious Beard
8958, Human, Male, Albino, 3, Beanie / Shadow Beard / Horned Rim Glasses
8978, Human, Male, Light, 3, Chinstrap / Purple Hair / Horned Rim Glasses
8979, Human, Male, Albino, 2, Normal Beard / Shaved Head
8985, Human, Male, Dark, 4, Eye Mask / Gold Chain / Front Beard Dark / Do-rag
9010, Human, Male, Medium, 3, Police Cap / Earring / VR
9011, Human, Male, Dark, 4, Muttonchops / Earring / Top Hat / Small Shades
9046, Human, Male, Light, 4, Fedora / Classic Shades / Earring / Smile
9048, Human, Male, Albino, 2, Front Beard Dark / Purple Hair
9054, Human, Male, Dark, 4, Purple Hair / Horned Rim Glasses / Big Beard / Mole
9058, Human, Female, Albino, 2, Pigtails / Earring
9064, Human, Female, Light, 3, Wild White Hair / Welding Goggles / Earring
9092, Human, Male, Albino, 3, Hoodie / Eye Patch / Big Beard
9119, Human, Male, Albino, 3, Shadow Beard / Classic Shades / Do-rag
9128, Human, Male, Medium, 4, Wild Hair / Classic Shades / Earring / Normal Beard
9129, Human, Male, Light, 3, Beanie / Muttonchops / Eye Patch
9133, Human, Male, Dark, 3, Luxurious Beard / Top Hat / Clown Eyes Green
9136, Human, Female, Light, 3, Gold Chain / Purple Lipstick / Straight Hair Dark
9137, Human, Male, Dark, 3, Luxurious Beard / Hoodie / 3D Glasses
9138, Human, Male, Dark, 3, Handlebars / Big Shades / Headband
9160, Human, Female, Medium, 3, Black Lipstick / Pilot Helmet / Medical Mask
9174, Human, Male, Albino, 2, Stringy Hair / Front Beard Dark
9180, Human, Male, Medium, 4, Bandana / Luxurious Beard / Big Shades / Earring
9185, Human, Male, Albino, 2, Purple Hair / Normal Beard
9212, Human, Male, Albino, 3, Bandana / Luxurious Beard / Eye Patch
9216, Human, Male, Medium, 3, Vampire Hair / Gold Chain / Horned Rim Glasses
9219, Human, Male, Dark, 2, Vampire Hair / 3D Glasses
9220, Human, Male, Medium, 3, Big Shades / Chinstrap / Purple Hair
9227, Human, Male, Albino, 2, Clown Eyes Blue / Headband
9230, Human, Female, Albino, 3, Tassle Hat / Pipe / Black Lipstick
9233, Human, Male, Light, 3, Bandana / Earring / Clown Eyes Green
9250, Human, Male, Medium, 4, Messy Hair / Handlebars / Classic Shades / Earring
9251, Human, Male, Medium, 3, Stringy Hair / Nerd Glasses / Medical Mask
9265, Ape, Male, , 2, Bandana / Big Shades
9272, Human, Male, Dark, 3, Pipe / Do-rag / Clown Eyes Green
9280, Ape, Male, , 2, 3D Glasses / Cowboy Hat
9314, Human, Male, Light, 2, Beanie / Frown
9325, Human, Female, Light, 3, Black Lipstick / Welding Goggles / Straight Hair
9339, Human, Female, Medium, 3, Tiara / Clown Eyes Green / Hot Lipstick
9352, Human, Male, Dark, 2, Top Hat / Regular Shades
9354, Human, Male, Albino, 3, Purple Hair / Earring / Nerd Glasses
9368, Zombie, Male, , 2, Hoodie / Earring
9379, Human, Female, Dark, 2, Orange Side / Medical Mask
9385, Human, Male, Dark, 5, Stringy Hair / Frown / Muttonchops / Vape / VR
9410, Human, Female, Light, 3, Knitted Cap / Medical Mask / Clown Eyes Blue
9415, Human, Male, Dark, 3, Fedora / Horned Rim Glasses / Smile
9420, Human, Male, Dark, 2, Eye Mask / Fedora
9425, Human, Male, Medium, 3, Luxurious Beard / Big Shades / Shaved Head
9429, Human, Male, Medium, 2, Gold Chain / Top Hat
9461, Human, Female, Dark, 2, Welding Goggles / Straight Hair Blonde
9467, Human, Male, Light, 3, Vampire Hair / Clown Eyes Blue / Clown Nose
9471, Human, Female, Albino, 2, Wild White Hair / Medical Mask
9475, Human, Male, Light, 3, Stringy Hair / Front Beard Dark / Clown Eyes Green
9486, Human, Female, Dark, 3, Wild White Hair / Purple Lipstick / Clown Eyes Blue
9497, Human, Male, Dark, 3, Beanie / Mustache / Horned Rim Glasses
9502, Human, Male, Medium, 4, Gold Chain / Muttonchops / Earring / Shaved Head
9517, Human, Female, Albino, 3, Headband / Classic Shades / Earring
9530, Human, Male, Medium, 2, Clown Nose / Top Hat
9539, Human, Female, Light, 3, Pink With Hat / Clown Eyes Green / Purple Lipstick
9559, Human, Female, Medium, 4, Big Shades / Wild White Hair / Black Lipstick / Earring
9560, Human, Male, Medium, 4, Cap / Shadow Beard / Classic Shades / Medical Mask
9577, Human, Female, Medium, 2, Pipe / Clown Hair Green
9585, Human, Male, Light, 4, Stringy Hair / Normal Beard Black / Earring / Eye Patch
9586, Human, Female, Medium, 4, Bandana / Purple Lipstick / Earring / 3D Glasses
9616, Human, Male, Dark, 2, Stringy Hair / Pipe
9621, Human, Male, Dark, 3, Hoodie / Gold Chain / Small Shades
9633, Human, Female, Light, 2, Clown Nose / Pilot Helmet
9636, Human, Male, Albino, 3, Stringy Hair / Medical Mask / VR
9670, Human, Female, Albino, 2, Crazy Hair / Nerd Glasses
9674, Human, Female, Medium, 5, Clown Nose / Blue Eye Shadow / Silver Chain / Headband / Earring
9703, Human, Male, Dark, 2, Beanie / Mole
9723, Human, Male, Albino, 4, Luxurious Beard / Do-rag / 3D Glasses / Mole
9749, Human, Male, Medium, 3, Beanie / Chinstrap / Eye Patch
9759, Human, Male, Albino, 2, Chinstrap / Wild Hair
9782, Human, Female, Medium, 3, Welding Goggles / Pigtails / Hot Lipstick
9837, Human, Male, Light, 3, Normal Beard Black / Horned Rim Glasses / Headband
9848, Human, Male, Dark, 4, Hoodie / Earring / Nerd Glasses / Big Beard
9858, Human, Male, Dark, 3, Chinstrap / Purple Hair / Regular Shades
9861, Human, Female, Light, 4, Clown Nose / Wild White Hair / Classic Shades / Earring
9865, Human, Male, Dark, 3, Vampire Hair / Luxurious Beard / Classic Shades
9870, Human, Male, Dark, 3, Earring / Horned Rim Glasses / Cowboy Hat
9876, Human, Female, Albino, 3, Pink With Hat / Eye Patch / Purple Lipstick
9877, Human, Male, Albino, 2, Purple Hair / Mustache
9878, Human, Male, Dark, 4, Normal Beard Black / Hoodie / Gold Chain / Small Shades
9883, Human, Male, Medium, 3, Muttonchops / Horned Rim Glasses / Cowboy Hat
9907, Human, Female, Dark, 3, Blue Eye Shadow / Tiara / Earring
9916, Human, Male, Light, 2, Beanie / Front Beard
9932, Human, Female, Light, 2, Clown Hair Green / 3D Glasses
9948, Human, Male, Dark, 3, Buck Teeth / Classic Shades / Do-rag
9959, Human, Female, Light, 4, Pipe / Pink With Hat / Classic Shades / Rosy Cheeks
9962, Human, Male, Albino, 4, Messy Hair / Luxurious Beard / Regular Shades / Mole
9963, Human, Male, Albino, 4, Chinstrap / Purple Hair / Earring / VR
9968, Human, Male, Light, 3, Vampire Hair / Big Shades / Big Beard
9970, Human, Male, Dark, 3, Classic Shades / Pipe / Shaved Head
9978, Human, Male, Albino, 3, Fedora / Earring / Eye Patch
9991, Human, Male, Light, 4, Beanie / Muttonchops / Earring / Regular Shades
, Philip Phunk, Male, , , 
