id, type, gender, skin tone, hair, hair color, facial hair, facial hair color, accessories
0, Alien, Male, , Buzz Cut, Light Green, , , Sunglasses
1, Human, Male, Pale, Long Hair, Orange, Big Beard, Light Brown, Snorkel Mask
2, Human, Female, Dark, Long Curly Hair, Silver, , , Sunglasses / Bow
3, Human, Male, Medium, Faux Hawk, Periwinkle, Full Beard, Brown, Tears
4, Human, Female, Pale, Pixie, Pink, , , Red Lipstick
5, Human, Male, Light, , , Stubble, , Cowboy Hat
6, Human, Male, Tan, Buzz Cut, Light Green, Stubble, , Gold Earring
7, Human, Female, Pale, Bob With Accessory, Brown, , , Viking Helmet
8, Human, Male, Medium, , , Moustache, Black, Jester Hat
9, Human, Male, , Long Hair, Blonde, Chinstrap, Light Brown, 
10, Demon, Female, , Long Curly Hair, , , , Red Lipstick
11, Human, Female, Pale, Straight Hair, Blonde, , , Gold Earring / Heart Shades
12, Human, Male, Dark, Big Hair, Black, , , Silver Necklace / Silver Earring / Forehead Diamond
13, Human, Female, Pale, , , , , Frog Hood / Glasses
14, Human, Male, Medium, , , Stubble, , Bunny Hood
15, Human, Male, Light, , , Big Beard, Light Brown, Face Mask / Burger Hat
16, Human, Male, Dark, , , Goatee, Brown, Sombrero / Cigar
17, Human, Female, Pale, Straight Hair, Black, , , Purple Eye Shadow
18, Human, Female, Pale, Pixie, Silver, , , Flowers
19, Human, Male, Light, , , Muttonchops, Light Brown, Bear Hood
20, Zombie, Female, , Heart Hair, Red, , , Bow / Gold Diamond Necklace / VR
21, Human, Male, Pale, Faux Hawk, Silver, , , Gold Diamond Necklace / Third Eye
22, Human, Female, Light, , , , , Crab Hat
23, Human, Female, Tan, Buzz Cut, Brown, , , Sunglasses / Headphones / Pipe
24, Human, Female, Light, Long Curly Hair, Orange, , , Gold Earring / Purple Eye Shadow / Black Lipstick
25, Human, Female, , Pigtails, Black, , , VR
26, Human, Male, Tan, , , , , Crown
27, Human, Male, Light, , , Big Beard, Black, Santa Hat
28, Human, Female, Medium, , , , , Hoodie / Superhero Mask
29, Human, Female, Dark, Afro, Black, , , Gold Necklace
30, Ghost, Female, , Pixie, Silver, , , Green Eye Shadow / Magenta Lipstick
31, Human, Male, Light, , , Moustache, Light Brown, Hoodie / Ski Goggles
32, Human, Male, Light, Buzz Cut, Light Blue, Big Beard, Brown, 
33, Human, Male, Dark, , , , , Snorkel Mask / Viking Helmet / Cigar
34, Human, Male, Medium, Widow's Peak, Orange, Muttonchops, Brown, 3D Glasses
35, Human, Female, Tan, Bob With Accessory, Brown, , , Jester Hat
36, Human, Female, Pale, Pigtails, Pink, , , Silver Necklace
37, Human, Male, Tan, , , , , Sun Hat
38, Human, Female, Medium, Bob With Accessory, Brown, , , Crown / Gold Necklace
39, Human, Female, Pale, , , , , Bear Hood
40, Skeleton, Male, , Faux Hawk, Silver, , , Gold Diamond Necklace
41, Human, Male, Light, Buzz Cut, Light Green, , , Third Eye / Headphones
42, Human, Male, Medium, , , Chinstrap, Black, Burger Hat
43, Human, Female, Tan, , , , , Silver Earring / Eye Patch
44, Human, Male, Pale, Big Hair, Dark Red, , , Face Mask
45, Human, Male, , Afro, Silver, Muttonchops, Brown, Sunglasses
46, Human, Male, Light, Mohawk, Blue, , , 
47, Human, Male, Pale, , , Full Beard, Brown, Crab Hat
48, Human, Male, Pale, Widow's Peak, Orange, , , Tears / Pipe
49, Human, Female, Light, Long Curly Hair, Blonde, , , VR / Magenta Lipstick
50, Orc, Male, , Faux Hawk, Black, , , 
51, Human, Male, Medium, , , Long Goatee, Brown, Silver Necklace / Cat / Red Sunglasses
52, Human, Female, Pale, Pigtails, Pink, , , Glasses / Headphones / Purple Lipstick
53, Human, Female, Dark, , , , , Sunglasses / Red Lipstick / Pilot Helmet / Cigarette
54, Human, Male, Light, , , , , Eye Patch / Red Cap
55, Human, Female, Pale, , , , , Pipe / Black Lipstick / Winter Hat / Orange Eye Shadow
56, Human, Female, Dark, Long Curly Hair, Brown, , , Sunglasses / Pink Lipstick
57, Human, Female, Medium, , , , , Purple Bandana
58, Human, Female, Pale, Long Curly Hair, Black, , , 
59, Human, Female, Pale, Heart Hair, Pink, , , Silver Earring
60, Robot, Male, , Bald, , , , Cigar
61, Human, Male, Pale, , , , , Bear Hood / Superhero Mask
62, Human, Female, Medium, , , , , Red Lipstick / Third Eye
63, Human, Male, Pale, Bald, , Big Beard, Brown, Gold Necklace
64, Human, Male, Pale, Long Hair, Silver, Goatee, Light Brown, Glasses
65, Human, Female, Dark, , , , , Forehead Diamond / Frog Hood
66, Human, Female, Light, , , , , Heart Shades / Crab Hat
67, Human, Male, Tan, Mohawk, Red, Muttonchops, Brown, Red Sunglasses
68, Human, Male, Dark, Buzz Cut, Silver, Goatee, Black, Gold Necklace
69, Human, Female, Medium, Long Curly Hair, Black, , , Gold Diamond Necklace
70, Ape, Female, , , , , , Pipe / Orange Bandana
71, Human, Male, Pale, , , , , Face Mask / Top Hat
72, Human, Female, Tan, Pigtails, Brown, , , Red Lipstick
73, Human, Male, Tan, Mohawk, Black, Big Beard, Black, 
74, Human, Male, Pale, Mohawk, Purple, Chin Goatee, Brown, Sunglasses
75, Human, Male, Tan, Big Hair, Blonde, , , VR / Cigarette
76, Human, Male, Dark, Widow's Peak, Silver, , , 3D Glasses
77, Human, Female, Light, , , , , Winter Hat
78, Human, Female, Medium, Pigtails, Pink, , , Birthday Hat
79, Human, Female, Light, Bob With Accessory, Brown, , , Tears / Gold Diamond Necklace / Crown
80, Vampire, Male, , , , , , Pipe / Top Hat
81, Human, Female, Dark, Big Hair, Dark Red, , , Bow / Glasses
82, Human, Female, Light, Bob With Accessory, Black, , , Tears / Cat
83, Human, Male, Tan, Faux Hawk, Blonde, , , Glasses
84, Human, Female, Light, Straight Hair, Light Blue, , , 
85, Human, Female, Pale, , , , , Frog Hood / Green Eye Shadow
86, Human, Male, Medium, Mohawk, Red, , , 
87, Human, Male, Pale, , , Big Beard, Black, Snorkel Mask / Purple Bandana
88, Human, Female, Medium, Big Hair, Rainbow, , , 
89, Human, Female, Light, , , , , 3D Glasses / Pilot Helmet
90, Mummy, Male, , , , , , Hoodie
91, Human, Female, Pale, Pixie, Light Green, , , VR
92, Human, Male, Tan, Long Hair, Black, , , Gold Earring
93, Human, Female, Pale, Bob With Accessory, Brown, , , Santa Hat / Orange Eye Shadow
94, Human, Male, Light, Buzz Cut, Orange, Chinstrap, Light Brown, Superhero Mask
95, Human, Female, Tan, , , , , Orange Eye Shadow / Green Bandana
96, Human, Male, Pale, Faux Hawk, Brown, , , 
97, Human, Female, Light, Bob, Silver, , , Heart Shades / Pink Lipstick / Headband
98, Human, Female, Dark, Pixie, Light Green, , , Forehead Diamond / Face Mask
99, Human, Female, Medium, Long Curly Hair, Blonde, , , Silver Earring / Black Lipstick / Birthday Hat
100, Alien, Female, , Pixie, Silver, , , 
101, Human, Male, Medium, , , , , VR / Pilot Helmet
102, Human, Male, Light, Long Hair, Blonde, , , Face Mask
103, Human, Female, Dark, Bob With Accessory, Black, , , Cowboy Hat / Purple Eye Shadow
104, Human, Female, Pale, Bob With Accessory, Black, , , Sunglasses / Sun Hat
105, Human, Male, Medium, , , Big Beard, Brown, Blue Cap
106, Human, Male, Light, Big Hair, Blonde, , , 
107, Human, Male, Dark, Widow's Peak, Brown, , , Face Mask
108, Human, Female, Light, Heart Hair, Pink, , , Birthday Hat / Pink Eye Shadow
109, Human, Female, Pale, Big Hair, Dark Red, , , Flowers
110, Demon, Male, , Faux Hawk, Silver, , , 
111, Human, Female, Pale, Straight Hair, Blonde, , , 
112, Human, Male, Tan, , , Chinstrap, Brown, Cigar / Red Cap
113, Human, Male, Pale, , , Long Goatee, Light Brown, Forehead Diamond / Winter Hat
114, Human, Female, Tan, Straight Hair, Black, , , Purple Eye Shadow / Headphones / Magenta Lipstick
115, Human, Female, Light, , , , , Gold Necklace / Orange Eye Shadow
116, Human, Male, Medium, Mohawk, Purple, , , Headphones
117, Human, Male, Tan, Bald, , , , Red Sunglasses
118, Human, Female, Medium, Straight Hair, Light Blue, , , Face Mask
119, Human, Female, Medium, , , , , Frog Hood
120, Zombie, Male, , Mohawk, Black, Chinstrap, , Cigarette
121, Human, Male, Medium, Buzz Cut, Light Blue, Stubble, , 
122, Human, Male, Light, Widow's Peak, Blonde, , , 
123, Human, Female, Tan, Pigtails, Blonde, , , VR
124, Human, Male, Dark, Bald, , Stubble, , Silver Earring
125, Human, Male, Medium, Afro, Black, , , Gold Diamond Necklace / 3D Glasses
126, Human, Female, Light, Buzz Cut, Orange, , , 
127, Human, Female, Pale, Pixie, Pink, , , Cigar / Pink Eye Shadow
128, Human, Female, Dark, Heart Hair, Red, , , Pink Lipstick
129, Human, Male, Dark, Faux Hawk, Silver, , , Tears / Silver Earring
130, Ghost, Male, , Buzz Cut, Light Green, , , Forehead Diamond / Gold Diamond Necklace
131, Human, Female, Medium, Long Curly Hair, Orange, , , Glasses / Pipe
132, Human, Male, Light, Afro, Brown, Moustache, Brown, 
133, Human, Female, Dark, Pigtails, Black, , , Black Lipstick / Light Blue Eye Shadow
134, Human, Female, Light, Bob With Accessory, Blonde, , , Top Hat
135, Human, Female, Light, Long Curly Hair, Orange, , , Silver Necklace / Headphones
136, Human, Female, Pale, Big Hair, Black, , , Snorkel Mask / Silver Earring / Superhero Tiara
137, Human, Male, Light, , , , , Sunglasses / Cowboy Hat / Face Mask
138, Human, Female, Light, , , , , Silver Necklace / Orange Bandana
139, Human, Male, Dark, , , Goatee, Light Brown, Jester Hat / Gold Diamond Necklace / Eye Patch
140, Orc, Female, , Long Curly Hair, Black, , , Pink Lipstick
141, Human, Female, Tan, , , , , Red Sunglasses / Winter Hat
142, Human, Male, Pale, Buzz Cut, Blonde, , , Third Eye
143, Human, Male, Tan, Bald, , , , Face Mask
144, Human, Male, Light, , , , , VR / Gold Necklace / Green Bandana
145, Human, Male, Pale, Faux Hawk, Silver, Full Beard, Brown, 
146, Human, Male, Dark, Buzz Cut, Orange, , , Headband
147, Human, Female, Medium, Pixie, Black, , , 
148, Human, Male, Light, , , Big Beard, Black, Burger Hat
149, Human, Female, Light, Buzz Cut, Blonde, , , Magenta Lipstick
150, Robot, Female, , Pixie, Silver, , , 
151, Human, Male, Light, , , , , Bear Hood / Eye Patch
152, Human, Female, Tan, Bob With Accessory, Blonde, , , Viking Helmet / Forehead Diamond / Magenta Lipstick
153, Human, Male, Pale, Big Hair, Brown, Stubble, , Headband
154, Human, Male, Pale, Buzz Cut, Light Green, Long Goatee, Brown, Snorkel Mask / Pipe
155, Human, Female, Dark, Pixie, Light Blue, , , Tears / Silver Earring / Pink Lipstick
156, Human, Female, Pale, , , , , Bear Hood / Pink Lipstick / Pink Eye Shadow
157, Human, Male, Light, , , , , Ski Goggles / Orange Bandana
158, Human, Female, Light, Bob With Accessory, Black, , , Silver Necklace / Sombrero / Cigarette
159, Human, Female, Dark, Heart Hair, Red, , , Black Lipstick
160, Ape, Male, , , , , , Eye Patch / Pilot Helmet
161, Human, Female, Pale, , , , , Bunny Hood / Light Blue Eye Shadow
162, Human, Female, Pale, Heart Hair, Black, , , Ski Goggles
163, Human, Male, Light, , , , , Tears / Red Cap
164, Human, Female, Light, Bob With Accessory, Black, , , Burger Hat
165, Human, Male, Medium, , , Big Beard, Brown, Sunglasses
166, Human, Female, Pale, Long Curly Hair, Orange, , , Red Lipstick / Green Eye Shadow
167, Human, Female, Tan, Buzz Cut, Silver, , , Purple Eye Shadow / Black Lipstick
168, Human, Female, Dark, Big Hair, Blonde, , , Pink Eye Shadow
169, Human, Male, Light, Mohawk, Blue, Goatee, Brown, 
170, Vampire, Female, , Long Curly Hair, Silver, , , Sunglasses / Gold Earring / Pipe
171, Human, Female, Tan, , , , , Crab Hat / 3D Glasses
172, Human, Male, Medium, , , , , Winter Hat
173, Human, Male, Tan, Long Hair, Blonde, Chinstrap, Light Brown, 
174, Human, Male, Pale, , , , , Sunglasses / Top Hat
175, Human, Male, Dark, Long Hair, Black, Chin Goatee, Black, Heart Shades / Silver Earring
176, Human, Female, Light, Buzz Cut, Blonde, , , Green Eye Shadow
177, Human, Male, Light, Bald, , , , Silver Necklace / Face Mask / Headphones / 3D Glasses
178, Human, Female, Pale, Pigtails, Black, , , Purple Eye Shadow
179, Human, Female, Tan, Bob With Accessory, Brown, , , Sombrero / Green Eye Shadow
180, Mummy, Female, , Bald, , , , 
181, Human, Female, Pale, Pigtails, Periwinkle, , , Gold Earring
182, Human, Female, Pale, Pigtails, Brown, , , Silver Earring / Ski Goggles / Pink Lipstick / Superhero Tiara
183, Human, Male, Dark, , , Chinstrap, Black, Eye Patch / Blue Cap
184, Human, Male, Light, , , , , Bunny Hood / Face Mask
185, Human, Female, Pale, , , , , Green Bandana / Light Blue Eye Shadow
186, Human, Male, Tan, , , Moustache, Brown, Snorkel Mask / Crab Hat
187, Human, Male, Medium, , , , , Pipe / Sun Hat
188, Human, Female, Light, Pigtails, Blonde, , , VR / Black Lipstick
189, Human, Female, Light, Big Hair, Rainbow, , , Gold Earring / Third Eye
190, Skeleton, Female, , Straight Hair, Blonde, , , Flowers
191, Human, Male, Pale, Bald, , , , 
192, Human, Female, Light, Pixie, Pink, , , Third Eye
193, Human, Male, Tan, Widow's Peak, Black, , , 
194, Human, Male, Medium, , , , , Gold Diamond Necklace / Crown
195, Human, Female, Tan, Big Hair, Brown, , , Flowers
196, Human, Female, Medium, Bob With Accessory, Orange, , , Sunglasses / Cowboy Hat
197, Human, Male, Pale, Long Hair, Black, , , 
198, Human, Female, Dark, , , , , Bear Hood
199, Human, Male, Light, Bald, , Long Goatee, Brown, Sunglasses / Birthday Hat
200, Ape, Male, , , , , , Brown Bandana
201, Human, Female, Light, Big Hair, Black, , , Red Sunglasses / Birthday Hat
202, Human, Female, Pale, Long Curly Hair, Blonde, , , Silver Necklace / Headphones / Pipe
203, Human, Female, Tan, Bob With Accessory, Black, , , Sunglasses / Cat
204, Human, Male, Pale, Mohawk, Purple, , , Eye Patch
205, Human, Female, Dark, , , , , Glasses / Bunny Hood
206, Human, Male, Pale, Bald, , Chinstrap, Brown, Pipe / 3D Glasses
207, Human, Female, Light, Pigtails, Pink, , , Heart Shades
208, Human, Male, Pale, Big Hair, Rainbow, , , 
209, Human, Male, Tan, , , , , Face Mask / Bear Hood
210, Alien, Male, , Bald, , , , 
211, Human, Male, Light, , , Stubble, , Cigar / Hoodie
212, Human, Male, Pale, , , , , Sombrero / Pipe
213, Human, Male, Dark, , , , , Heart Shades / Winter Hat
214, Human, Male, Pale, , , Moustache, Light Brown, Red Cap
215, Human, Female, Tan, Pixie, Pink, , , Superhero Mask
216, Human, Female, Medium, , , , , Purple Bandana / Light Blue Eye Shadow
217, Human, Female, Light, Big Hair, Blonde, , , Red Lipstick / Flowers / Cigarette
218, Human, Male, Dark, , , , , Heart Shades / Cigar / Crab Hat
219, Human, Male, Pale, Short Hair, Black, Chinstrap, Black, Sunglasses / Silver Earring
220, Orc, Male, , Bald, , Chinstrap, Black, 
221, Human, Male, Light, , , , , VR / Red Cap
222, Human, Female, Tan, Bob With Accessory, Black, , , Sunglasses / Santa Hat
223, Human, Male, Pale, Buzz Cut, Light Blue, Chinstrap, Light Brown, Heart Shades
224, Human, Male, Pale, Faux Hawk, Black, , , 
225, Human, Male, Light, , , Stubble, , Bunny Hood / Face Mask
226, Human, Male, Pale, , , Long Goatee, Brown, Snorkel Mask / Cat
227, Human, Female, Dark, Bob With Accessory, Blonde, , , Viking Helmet / Pink Lipstick
228, Human, Female, Light, Heart Hair, Red, , , Silver Earring / Pink Lipstick / Headband
229, Human, Male, Dark, Straight Hair, Blonde, , , Birthday Hat / Pink Eye Shadow
230, Ghost, Female, , Long Curly Hair, Silver, , , 
231, Human, Female, Tan, , , , , Sunglasses / Magenta Lipstick / Purple Bandana
232, Human, Male, Medium, Mohawk, Purple, Goatee, Light Brown, 3D Glasses
233, Human, Male, Pale, , , , , Silver Necklace / Pilot Helmet
234, Human, Female, Medium, Bob With Accessory, Black, , , Pipe / Eye Patch / Blue Cap
235, Human, Female, Tan, Heart Hair, Black, , , Red Lipstick
236, Human, Female, Dark, Bob With Accessory, Orange, , , Jester Hat / VR / Pink Lipstick
237, Human, Male, Light, , , , , Cowboy Hat / Cigar
238, Human, Male, Medium, , , Goatee, Light Brown, 3D Glasses / Cat
239, Human, Female, Light, Bob With Accessory, Orange, , , Gold Diamond Necklace / Crown
240, Zombie, Male, , , , Stubble, , Bear Hood / Eye Patch
241, Human, Male, Light, Buzz Cut, Silver, , , Silver Earring
242, Human, Male, Light, , , Big Beard, Black, Glasses / Crown
243, Human, Female, Tan, Pigtails, Periwinkle, , , Silver Necklace
244, Human, Female, Tan, Pigtails, Pink, , , Light Blue Eye Shadow
245, Human, Male, Pale, Widow's Peak, Orange, Stubble, , Red Sunglasses
246, Human, Female, Medium, Pigtails, Black, , , Pipe / Superhero Mask / Pink Lipstick
247, Human, Male, Tan, Long Hair, Brown, Big Beard, Brown, Silver Earring
248, Human, Male, Medium, Mohawk, Green, , , 
249, Human, Female, Pale, Bob With Accessory, Blonde, , , Viking Helmet
250, Ape, Male, , , , , , Blue Bandana
251, Human, Female, Pale, Buzz Cut, Silver, , , Superhero Mask / Superhero Tiara
252, Human, Male, Tan, Faux Hawk, Brown, , , 
253, Human, Male, Pale, Short Hair, Brown, , , 
254, Human, Female, Dark, Pixie, Silver, , , Superhero Tiara
255, Human, Male, Medium, , , Chin Goatee, Light Brown, Superhero Mask / Blue Cap
256, Human, Female, Dark, Bob With Accessory, , , , Tears / Sombrero
257, Human, Male, Light, Mohawk, Purple, Stubble, , Tears
258, Human, Male, Dark, Afro, Black, , , 
259, Human, Male, Light, , , Full Beard, Brown, 3D Glasses / Orange Bandana
260, Robot, Male, , Bald, , , , VR
261, Human, Female, Pale, , , , , Gold Necklace / Cigarette / Orange Bandana
262, Human, Female, Dark, , , , , Hoodie / Green Eye Shadow
263, Human, Male, Medium, Bald, , , , Sunglasses / Silver Necklace / Birthday Hat
264, Human, Male, Light, , , , , Red Sunglasses / Blue Cap
265, Human, Female, Dark, Long Curly Hair, Black, , , Gold Earring
266, Human, Male, Pale, Mohawk, Black, , , 
267, Human, Female, Medium, , , , , Red Lipstick / Heart Shades / Crab Hat
268, Human, Male, Dark, , , , , Pipe / Top Hat
269, Human, Male, Tan, Widow's Peak, Blonde, , , Forehead Diamond
270, Skeleton, Male, , Mohawk, Black, , , Silver Necklace
271, Human, Female, Light, Afro, Blonde, , , Bow / 3D Glasses
272, Human, Female, Dark, , , , , Gold Diamond Necklace / Black Lipstick / Superhero Mask / Green Bandana
273, Human, Female, Light, Pixie, Light Blue, , , Magenta Lipstick
274, Human, Female, Dark, , , , , Bunny Hood / Pink Eye Shadow
275, Human, Male, Medium, Big Hair, Rainbow, Muttonchops, Black, Silver Necklace / VR
276, Human, Female, Light, , , , , Forehead Diamond / Frog Hood
277, Human, Female, Pale, Bob With Accessory, Brown, , , Burger Hat / Purple Eye Shadow
278, Human, Female, Medium, Bob, Teal, , , Headband
279, Human, Male, Pale, , , Big Beard, Light Brown, Viking Helmet
280, Demon, Female, , Bald, , , , 
281, Human, Female, Medium, Bob, Pink, , , Face Mask / Pink Lipstick
282, Human, Male, Pale, , , , , Superhero Mask / Purple Bandana
283, Human, Female, Medium, Bob, Silver, , , 
284, Human, Female, Pale, Long Curly Hair, Blonde, , , Purple Lipstick / Pink Eye Shadow
285, Human, Male, Dark, , , , , Ski Goggles / Purple Bandana
286, Human, Female, Pale, Heart Hair, Black, , , Silver Earring / Eye Patch
287, Human, Male, Pale, Long Hair, Brown, , , 
288, Human, Male, Tan, , , , , VR / Top Hat
289, Human, Male, Dark, , , , , Silver Necklace / VR / Santa Hat
290, Vampire, Male, , Short Hair, Black, , , 
291, Human, Female, Tan, Buzz Cut, Blonde, , , Headphones
292, Human, Male, Pale, Afro, Orange, , , 
293, Human, Male, Light, Faux Hawk, Brown, , , Gold Earring / Pipe
294, Human, Female, Pale, Bob, Pink, , , Pipe / 3D Glasses
295, Human, Male, Medium, Faux Hawk, Periwinkle, , , 
296, Human, Male, Light, Short Hair, Brown, , , 
297, Human, Male, Pale, Mohawk, Green, Goatee, Brown, Silver Earring / Cigarette
298, Human, Male, Pale, , , , , Bunny Hood / Superhero Mask
299, Mummy, Female, , Long Curly Hair, Orange, , , Red Lipstick
300, Alien, Female, , Bald, , , , 
301, Human, Male, Dark, Faux Hawk, Periwinkle, Long Goatee, Brown, Silver Necklace
302, Human, Female, Medium, Long Curly Hair, Brown, , , Pipe
303, Human, Male, Light, , , Full Beard, Black, Sunglasses / Blue Cap
304, Human, Female, Pale, , , , , Winter Hat / Light Blue Eye Shadow
305, Human, Male, Medium, Faux Hawk, Black, Long Goatee, Black, Sunglasses / Silver Earring / Cigar
306, Human, Female, Light, , , , , Bunny Hood / Pink Lipstick / Light Blue Eye Shadow
307, Human, Male, Medium, Mohawk, Blue, Big Beard, Light Brown, 
308, Human, Female, Dark, Bald, , , , Gold Earring / Black Lipstick
309, Human, Male, Light, , , Moustache, Black, Heart Shades / Hoodie
310, Ape, Female, , Bald, , , , 
311, Human, Female, Tan, Bob, Brown, , , Sunglasses / Purple Lipstick
312, Human, Male, Pale, Short Hair, Blonde, , , 
313, Human, Female, Pale, Bob, Black, , , 
314, Human, Male, Tan, Faux Hawk, Periwinkle, , , Face Mask
315, Human, Male, Medium, , , Muttonchops, Brown, Bear Hood / Eye Patch
316, Human, Female, Pale, Bob, Pink, , , Bow
317, Human, Male, Pale, Buzz Cut, Silver, , , Face Mask
318, Human, Female, Dark, Straight Hair, Orange, , , Tears / Silver Earring / Purple Lipstick / Headband
319, Human, Female, Light, Pixie, Light Blue, , , Glasses
320, Orc, Female, , Bob With Accessory, Black, , , Red Lipstick / Viking Helmet
321, Human, Female, Dark, Bob With Accessory, Black, , , Silver Necklace / VR / Top Hat
322, Human, Female, Light, Long Curly Hair, Blonde, , , Pink Lipstick
323, Human, Female, Tan, , , , , Winter Hat / Orange Eye Shadow
324, Human, Male, Dark, , , Big Beard, Black, Crown
325, Human, Female, Light, Bob With Accessory, Blonde, , , Snorkel Mask / Magenta Lipstick / Sun Hat
326, Human, Male, Light, , , , , Silver Necklace / Winter Hat
327, Human, Female, Tan, , , , , Superhero Mask / Orange Bandana
328, Human, Male, Pale, Big Hair, Blonde, , , 
329, Human, Female, Light, Straight Hair, Light Blue, , , Red Lipstick
330, Ghost, Male, , Mohawk, Black, , , 
331, Human, Male, Pale, , , , , Frog Hood / Ski Goggles
332, Human, Female, Medium, Pixie, Pink, , , 3D Glasses
333, Human, Female, Tan, , , , , Red Lipstick / Forehead Diamond / Bunny Hood
334, Human, Female, Dark, Bob With Accessory, Black, , , Purple Eye Shadow / Cat
335, Human, Male, Pale, , , Chinstrap, Brown, Top Hat
336, Human, Female, Pale, Buzz Cut, Silver, , , Red Sunglasses
337, Human, Female, Dark, , , , , VR / Winter Hat
338, Human, Female, Tan, Bob, Teal, , , Gold Earring
339, Human, Male, Pale, Bald, , Big Beard, Brown, Face Mask / Superhero Mask / Birthday Hat
340, Zombie, Female, , Big Hair, Black, , , Red Sunglasses
341, Human, Female, Pale, , , , , Frog Hood / Third Eye
342, Human, Male, Pale, , , Big Beard, Black, Bear Hood
343, Human, Female, Pale, Straight Hair, Brown, , , Eye Patch
344, Human, Female, Dark, , , , , Bear Hood / Pipe / Green Eye Shadow / Purple Lipstick
345, Human, Male, Dark, , , Long Goatee, Brown, Viking Helmet / Silver Necklace / Superhero Mask
346, Human, Female, Pale, Bob With Accessory, Brown, , , Blue Cap
347, Human, Female, Light, Bob, Blonde, , , 
348, Human, Male, Pale, Buzz Cut, Light Blue, , , 
349, Human, Male, Dark, Faux Hawk, Black, Long Goatee, Black, Snorkel Mask
350, Robot, Female, , Bald, , , , 
351, Human, Female, Light, Afro, Silver, , , 
352, Human, Female, Tan, Afro, Brown, , , Bow
353, Human, Male, Pale, , , Full Beard, Black, Superhero Mask / Cigarette / Red Cap
354, Human, Female, Pale, Straight Hair, Silver, , , Red Lipstick
355, Human, Male, Pale, Bald, , Big Beard, Light Brown, 
356, Human, Female, Dark, Straight Hair, Silver, , , Headband
357, Human, Male, Dark, Big Hair, Dark Red, Goatee, Black, Third Eye
358, Human, Female, Light, Buzz Cut, Silver, , , Cigar / Superhero Mask / Birthday Hat
359, Human, Female, Light, Bob, Teal, , , Forehead Diamond / Pink Lipstick
360, Skeleton, Female, , Bald, , , , Pipe
361, Human, Male, Pale, , , Muttonchops, Black, Third Eye / Winter Hat
362, Human, Female, Pale, , , , , Purple Bandana / Light Blue Eye Shadow
363, Human, Female, Dark, Long Curly Hair, Brown, , , 
364, Human, Male, Pale, Bald, , , , Glasses
365, Human, Female, Tan, Pigtails, Brown, , , Silver Earring / Flowers
366, Human, Male, Dark, , , , , Silver Necklace / Crab Hat
367, Human, Male, Pale, Buzz Cut, Brown, Stubble, , Silver Earring
368, Human, Female, Tan, Heart Hair, Black, , , Sunglasses
369, Human, Female, Tan, , , , , Red Sunglasses / Green Bandana
370, Demon, Male, , Mohawk, Black, , , 
371, Human, Female, Light, Pixie, Silver, , , Cigarette / Birthday Hat
372, Human, Male, Pale, , , , , Silver Necklace / Winter Hat
373, Human, Female, Tan, Bob With Accessory, Black, , , Purple Lipstick / Top Hat
374, Human, Male, Tan, Big Hair, Blonde, Long Goatee, Light Brown, Snorkel Mask
375, Human, Female, Dark, Bald, , , , Pink Lipstick
376, Human, Female, Medium, Pixie, Silver, , , Gold Earring / Magenta Lipstick
377, Human, Male, Light, Faux Hawk, Black, , , 
378, Human, Male, Light, , , , , Snorkel Mask / Burger Hat / Gold Necklace
379, Human, Male, Pale, Long Hair, Silver, Goatee, Brown, 
380, Vampire, Female, , Pixie, Light Green, , , Silver Earring / Gold Diamond Necklace
381, Human, Female, Dark, Afro, Blonde, , , Silver Necklace
382, Human, Male, Pale, Buzz Cut, Brown, , , 
383, Human, Female, Light, , , , , Forehead Diamond / Bunny Hood / Gold Diamond Necklace
384, Human, Female, Pale, Long Curly Hair, Blonde, , , Gold Earring / Headphones
385, Human, Male, Dark, , , , , Tears / Winter Hat
386, Human, Female, Light, Heart Hair, Pink, , , Headphones / Green Eye Shadow / Purple Lipstick
387, Human, Female, Light, Pixie, Light Green, , , 
388, Human, Male, Pale, , , Stubble, , Jester Hat
389, Human, Male, Pale, Short Hair, Brown, Big Beard, Brown, Ski Goggles
390, Mummy, Male, , , , , , Sombrero / Cigarette
391, Human, Male, Pale, Short Hair, Silver, , , Tears
392, Human, Female, Medium, , , , , Snorkel Mask
393, Human, Female, Tan, , , , , Face Mask / Purple Lipstick / Orange Bandana
394, Human, Male, Tan, Buzz Cut, Light Blue, Big Beard, Black, VR
395, Human, Female, Pale, Pixie, Black, , , 
396, Human, Male, Dark, Long Hair, Silver, , , Face Mask / VR
397, Human, Male, Pale, Bald, , , , Cigarette / Headband
398, Human, Male, Tan, Short Hair, Orange, , , Sunglasses / Headphones
399, Alien, Male, , Bald, , , , Third Eye
400, Orc, Male, , , , , , Viking Helmet
401, Human, Female, Light, Heart Hair, Pink, , , VR
402, Human, Male, Dark, , , Full Beard, Black, Superhero Mask / Gold Necklace / Top Hat
403, Human, Male, Pale, , , Stubble, , Glasses / Winter Hat
404, Human, Male, Tan, , , Big Beard, Black, Cowboy Hat
405, Human, Male, Light, Faux Hawk, Silver, , , Glasses
406, Human, Female, Light, Pigtails, Periwinkle, , , Heart Shades
407, Human, Male, Pale, , , Chinstrap, Light Brown, Frog Hood
408, Human, Male, Dark, , , Stubble, , Cat / Cigarette
409, Human, Female, Pale, Pixie, Silver, , , Snorkel Mask / Silver Earring / Cigarette
410, Demon, Female, , Big Hair, Dark Red, , , 
411, Human, Female, Light, Long Curly Hair, Silver, , , Gold Necklace
412, Human, Female, Dark, Pixie, Silver, , , Gold Diamond Necklace
413, Human, Male, Pale, Faux Hawk, Black, , , Pipe / Ski Goggles
414, Human, Female, Dark, Long Curly Hair, Silver, , , 
415, Human, Male, Light, Mohawk, Purple, Chin Goatee, Black, 
416, Human, Female, Dark, Bob With Accessory, Blonde, , , Crown
417, Human, Male, Tan, , , , , Sombrero
418, Human, Female, Dark, , , , , Red Lipstick / Crab Hat / Superhero Mask
419, Human, Male, Medium, , , , , Cigar / Red Cap
420, Ape, Male, , Buzz Cut, Light Blue, , , Birthday Hat
421, Human, Male, Light, , , Full Beard, Black, Pipe / Cat / Red Sunglasses
422, Human, Female, Medium, Pixie, Light Green, , , 
423, Human, Female, Pale, , , , , Bunny Hood / Purple Eye Shadow
424, Human, Male, Medium, Long Hair, Orange, Full Beard, Light Brown, Silver Earring / Gold Diamond Necklace / Headphones
425, Human, Male, Dark, , , Chin Goatee, Light Brown, Jester Hat
426, Human, Female, Pale, Straight Hair, Blonde, , , Gold Earring
427, Human, Female, Tan, Afro, Black, , , 
428, Human, Female, Light, Big Hair, Blonde, , , Forehead Diamond / Pink Lipstick
429, Human, Male, Medium, Short Hair, Black, Chinstrap, Black, VR / Headphones
430, Zombie, Male, , Mohawk, Green, , , Eye Patch
431, Human, Female, Light, Pigtails, Pink, , , Face Mask / Green Eye Shadow
432, Human, Male, Pale, , , , , Gold Diamond Necklace / 3D Glasses / Red Cap
433, Human, Male, Medium, , , Chinstrap, Black, Viking Helmet
434, Human, Female, Dark, , , , , Tears / Pipe / Gold Necklace / Magenta Lipstick / Green Bandana
435, Human, Female, Dark, Bob With Accessory, Brown, , , Cowboy Hat / Green Eye Shadow / Pink Lipstick
436, Human, Female, Medium, , , , , Cigar / Purple Bandana
437, Human, Female, Pale, Bob, Teal, , , 
438, Human, Male, Pale, , , , , Red Sunglasses / Winter Hat
439, Human, Male, Dark, Mohawk, Red, Chin Goatee, Brown, Forehead Diamond
440, Alien, Male, , , , , , Sunglasses / Cowboy Hat / Cigarette
441, Human, Female, Dark, Straight Hair, Light Blue, , , Bow
442, Human, Male, Medium, Faux Hawk, Periwinkle, Muttonchops, Brown, Glasses
443, Human, Male, Medium, , , , , Gold Diamond Necklace / Blue Cap
444, Human, Female, Dark, , , , , Pilot Helmet
445, Human, Male, Tan, Buzz Cut, Light Blue, , , 
446, Human, Female, Light, Pixie, Light Blue, , , 
447, Human, Female, Pale, Pigtails, Periwinkle, , , Gold Earring / Gold Necklace
448, Human, Male, Dark, Buzz Cut, Light Blue, Chin Goatee, Brown, Pipe
449, Human, Female, Tan, Pixie, Light Blue, , , 
450, Vampire, Male, , Buzz Cut, Light Green, Stubble, , Pipe
451, Human, Male, Light, Faux Hawk, Blonde, , , 
452, Human, Female, Dark, Pixie, Light Green, , , 
453, Human, Male, Light, , , Full Beard, Black, Top Hat
454, Human, Female, Light, Pixie, Light Green, , , Forehead Diamond / Birthday Hat
455, Human, Female, Light, Straight Hair, Blonde, , , Magenta Lipstick / Superhero Tiara
456, Human, Male, Tan, , , , , Sunglasses / Pilot Helmet
457, Human, Male, Light, Faux Hawk, Periwinkle, , , Eye Patch / Headband
458, Human, Male, Light, Faux Hawk, Silver, Moustache, Black, Ski Goggles
459, Human, Female, Pale, Buzz Cut, Brown, , , Face Mask / Light Blue Eye Shadow
460, Skeleton, Female, , Bald, , , , Sunglasses / Pipe
461, Human, Male, Light, Buzz Cut, Silver, Big Beard, Black, 
462, Human, Female, Light, Straight Hair, Light Blue, , , Ski Goggles
463, Human, Male, Pale, Afro, Blonde, , , 
464, Human, Female, Medium, Big Hair, Black, , , Gold Necklace / 3D Glasses
465, Human, Female, Light, , , , , Bunny Hood / Third Eye
466, Human, Male, Light, Mohawk, Purple, , , Red Sunglasses
467, Human, Female, Dark, Pixie, Silver, , , Gold Earring / Flowers / Red Sunglasses
468, Human, Male, Tan, Faux Hawk, Brown, Chinstrap, Brown, Silver Earring / Cigarette
469, Human, Male, Pale, , , , , Ski Goggles / Winter Hat
470, Mummy, Male, , , , Full Beard, Brown, Viking Helmet / Forehead Diamond
471, Human, Male, Light, Buzz Cut, Black, Goatee, Black, Silver Earring / VR / Headband
472, Human, Male, Medium, Short Hair, Black, Full Beard, Black, Silver Earring / Red Sunglasses
473, Human, Female, Dark, Afro, Silver, , , 
474, Human, Female, Tan, Bob, Pink, , , Black Lipstick / Headband
475, Human, Female, Pale, Buzz Cut, Silver, , , 
476, Human, Female, Tan, Bob With Accessory, Brown, , , Viking Helmet
477, Human, Male, Dark, Bald, , Muttonchops, Light Brown, 
478, Human, Male, Medium, Faux Hawk, Brown, , , 
479, Human, Male, Light, Short Hair, Orange, , , 
480, Robot, Male, , Bald, , , , 
481, Human, Male, Pale, Faux Hawk, Blonde, Big Beard, Light Brown, 
482, Human, Male, Dark, Mohawk, Red, , , Tears
483, Human, Male, Pale, Short Hair, Silver, Chin Goatee, Light Brown, Face Mask / Eye Patch
484, Human, Male, Light, , , , , Sunglasses / Pipe / Cat
485, Human, Female, Tan, Bob, Silver, , , Gold Earring / Ski Goggles
486, Human, Female, Tan, Long Curly Hair, Brown, , , Silver Earring / Third Eye / Headphones
487, Human, Female, Light, Straight Hair, Silver, , , Superhero Tiara
488, Human, Male, Medium, , , Chinstrap, Black, Tears / Crab Hat
489, Human, Male, Tan, Mohawk, Blue, Moustache, Black, Gold Necklace / Cigarette
490, Ghost, Male, , , , , , VR / Santa Hat
491, Human, Male, Light, , , Muttonchops, Black, Sunglasses / Bear Hood
492, Human, Male, Dark, Faux Hawk, Silver, , , 
493, Human, Male, Light, , , , , Glasses / Burger Hat
494, Human, Female, Dark, , , , , Frog Hood / Magenta Lipstick / Pink Eye Shadow
495, Human, Male, Dark, Mohawk, Black, , , 
496, Human, Female, Pale, , , , , Heart Shades / Face Mask / Crab Hat
497, Human, Female, Tan, Bob With Accessory, Orange, , , Third Eye / Cat
498, Human, Male, Light, Big Hair, Black, Full Beard, Black, Silver Necklace / VR
499, Ape, Male, , , , , , Hoodie / Red Sunglasses
500, Alien, Female, , Bob, Teal, , , Flowers / Pipe
501, Human, Male, Pale, Long Hair, Silver, , , Third Eye
502, Human, Female, Medium, Bob With Accessory, Blonde, , , Crown / Pink Lipstick
503, Human, Female, Dark, Pixie, Pink, , , Purple Eye Shadow / Black Lipstick
504, Human, Female, Pale, Bald, , , , Pink Lipstick / Headband
505, Human, Female, Light, Long Curly Hair, Silver, , , Light Blue Eye Shadow
506, Human, Male, Tan, Mohawk, Purple, Full Beard, Black, 
507, Human, Male, Medium, Buzz Cut, Brown, Muttonchops, Brown, Eye Patch
508, Human, Male, Medium, , , , , Cigar / VR / Gold Necklace / Red Cap
509, Human, Female, Pale, Buzz Cut, Blonde, , , Red Lipstick
510, Ape, Female, , , , , , Pilot Helmet
511, Human, Female, Pale, Big Hair, Rainbow, , , Red Lipstick / Gold Earring / Heart Shades
512, Human, Male, Medium, Mohawk, Purple, , , 
513, Human, Male, Light, , , Muttonchops, Black, Silver Necklace / Glasses / Green Bandana
514, Human, Male, Tan, , , Big Beard, Light Brown, Santa Hat
515, Human, Male, Pale, Long Hair, Silver, Stubble, , 3D Glasses
516, Human, Female, Light, Pixie, Black, , , Silver Necklace / Flowers / Red Sunglasses
517, Human, Female, Tan, Pixie, Light Blue, , , Forehead Diamond
518, Human, Female, Pale, Bob, Blonde, , , Red Sunglasses
519, Human, Male, Tan, Buzz Cut, Black, Chinstrap, Black, Gold Diamond Necklace / Red Sunglasses
520, Orc, Female, , Big Hair, Black, , , 
521, Human, Female, Tan, Afro, Black, , , Red Lipstick / Cigarette / Superhero Tiara
522, Human, Female, Dark, Pixie, Pink, , , Gold Earring / Light Blue Eye Shadow
523, Human, Male, Pale, Faux Hawk, Black, , , Face Mask
524, Human, Female, Light, Straight Hair, Light Blue, , , Eye Patch
525, Human, Male, Pale, Bald, , Chinstrap, Brown, 
526, Human, Male, Tan, Afro, Brown, , , Silver Earring / Gold Diamond Necklace / VR
527, Human, Female, Light, Long Curly Hair, Silver, , , Headphones
528, Human, Male, Medium, Mohawk, Blue, Stubble, , 
529, Human, Female, Light, Bob With Accessory, Brown, , , Snorkel Mask / Burger Hat
530, Demon, Male, , Faux Hawk, Black, , , Cigarette
531, Human, Female, Medium, , , , , Bear Hood / Pipe
532, Human, Female, Tan, , , , , Tears / Pilot Helmet
533, Human, Male, Pale, Mohawk, Purple, Muttonchops, Light Brown, Snorkel Mask
534, Human, Male, Light, , , Goatee, Black, Viking Helmet / Superhero Mask
535, Human, Male, Light, Faux Hawk, Silver, , , Headphones
536, Human, Female, Tan, Buzz Cut, Silver, , , Glasses
537, Human, Male, Medium, Mohawk, Red, Chinstrap, Brown, Silver Earring / Pipe
538, Human, Male, Medium, Mohawk, Blue, , , Face Mask / Ski Goggles
539, Human, Female, Pale, Pixie, Pink, , , Headphones / Green Eye Shadow
540, Zombie, Female, , Bob With Accessory, Brown, , , Viking Helmet / Silver Necklace / Eye Patch / Pink Lipstick
541, Human, Male, Medium, , , Moustache, Light Brown, Winter Hat
542, Human, Male, Dark, Short Hair, Silver, , , 
543, Human, Female, Medium, Bald, , , , Orange Eye Shadow / Birthday Hat
544, Human, Male, Tan, , , Chin Goatee, Light Brown, Tears / Cowboy Hat / Gold Necklace / Cigarette
545, Human, Female, Dark, Bob With Accessory, Blonde, , , Viking Helmet / VR
546, Human, Male, Light, , , Stubble, , Silver Necklace / Cat
547, Human, Female, Light, Bob With Accessory, Brown, , , Jester Hat
548, Human, Female, Pale, Long Curly Hair, Blonde, , , Black Lipstick
549, Human, Female, Light, , , , , Frog Hood / Green Eye Shadow
550, Vampire, Female, , Bob With Accessory, Orange, , , Crown
551, Human, Female, Light, , , , , Glasses / Pipe / Hoodie
552, Human, Female, Pale, Straight Hair, Brown, , , Tears / Red Lipstick / Superhero Tiara
553, Human, Male, Tan, , , , , Face Mask / Eye Patch / Winter Hat
554, Human, Male, Tan, Buzz Cut, , Stubble, , 
555, Human, Female, Medium, Bob, Black, , , Sunglasses
556, Human, Male, Pale, Mohawk, Green, , , 
557, Human, Male, Pale, , , Big Beard, Brown, Crab Hat
558, Human, Male, Dark, Buzz Cut, Brown, , , Birthday Hat
559, Human, Female, Pale, , , , , VR / Hoodie
560, Skeleton, Male, , Bald, , , , 
561, Human, Male, Pale, , , Stubble, , Sombrero / Cigar / VR
562, Human, Male, Pale, Faux Hawk, Silver, , , Heart Shades
563, Human, Female, Pale, Buzz Cut, Black, , , Gold Earring / Magenta Lipstick / Eye Patch / Superhero Tiara
564, Human, Male, Light, Buzz Cut, Light Green, , , Tears
565, Human, Male, Dark, Faux Hawk, Silver, , , VR / Birthday Hat
566, Human, Female, Pale, Straight Hair, Blonde, , , Gold Necklace
567, Human, Female, Pale, Long Curly Hair, Orange, , , Face Mask / Flowers / Light Blue Eye Shadow
568, Human, Female, Pale, Bob, Black, , , Face Mask / Purple Eye Shadow
569, Human, Male, Medium, , , , , Red Sunglasses / Red Cap
570, Mummy, Female, , , , , , Bunny Hood
571, Human, Male, Medium, Afro, Brown, Big Beard, Brown, 
572, Human, Female, Pale, Bob With Accessory, Orange, , , Burger Hat / Black Lipstick / Red Sunglasses
573, Human, Male, Dark, Faux Hawk, Black, , , Pipe
574, Human, Male, Light, , , , , Heart Shades / Sun Hat
575, Human, Female, Pale, Bob With Accessory, Black, , , Viking Helmet
576, Human, Male, Dark, , , Goatee, Light Brown, Orange Bandana
577, Human, Female, Dark, Bob With Accessory, Black, , , Red Sunglasses / Pink Lipstick / Blue Cap
578, Human, Female, Light, Bald, , , , Bow / Cigarette
579, Human, Female, Pale, Bob, Silver, , , 
580, Robot, Female, , Bald, , , , Pipe / Birthday Hat
581, Human, Male, Light, Widow's Peak, Blonde, Chin Goatee, Light Brown, 
582, Human, Female, Pale, Pixie, Black, , , Gold Earring / Glasses
583, Human, Male, Light, Long Hair, Silver, Chinstrap, Black, Gold Necklace / Eye Patch
584, Human, Male, Light, , , Stubble, , Glasses / Top Hat
585, Human, Female, Medium, Bob, Silver, , , Magenta Lipstick
586, Human, Male, Tan, Afro, Black, Big Beard, Black, 3D Glasses
587, Human, Male, Dark, , , , , Hoodie / Gold Necklace / Red Sunglasses
588, Human, Female, Light, Pixie, Silver, , , Red Lipstick
589, Human, Female, Light, Straight Hair, Black, , , Superhero Tiara
590, Ghost, Female, , Bob, Pink, , , 
591, Human, Male, Light, Long Hair, Orange, Full Beard, Brown, Glasses
592, Human, Female, Pale, Bob With Accessory, Brown, , , Jester Hat / Ski Goggles
593, Human, Male, Pale, Faux Hawk, Black, Goatee, Black, 
594, Human, Male, Light, Buzz Cut, Light Blue, Full Beard, Light Brown, Eye Patch
595, Human, Female, Light, Bob With Accessory, Brown, , , VR / Pink Lipstick / Top Hat
596, Human, Male, Dark, , , Long Goatee, Black, Gold Necklace / Cat / Red Sunglasses
597, Human, Male, Light, , , Chin Goatee, Light Brown, Bear Hood
598, Human, Female, Tan, Bald, , , , Silver Necklace / Purple Lipstick / Superhero Tiara
599, Alien, Male, , , , , , Crown
600, Ape, Male, , , , , , Bear Hood
601, Human, Male, Light, Bald, , , , Gold Earring / Cigar / Red Sunglasses
602, Human, Male, Pale, Widow's Peak, Black, Muttonchops, Light Brown, 
603, Human, Female, Light, Bob With Accessory, Brown, , , Crown / Green Eye Shadow
604, Human, Male, Medium, , , Big Beard, Light Brown, Top Hat
605, Human, Female, Tan, Buzz Cut, Brown, , , Red Lipstick / Forehead Diamond / Flowers
606, Human, Male, Medium, , , , , Crab Hat / Red Sunglasses
607, Human, Female, Light, , , , , Gold Diamond Necklace / Pipe / Orange Bandana
608, Human, Female, Dark, Pixie, Black, , , Bow
609, Hybrid (Zombie / Ape), Male, , Faux Hawk, Black, , , 
610, Skeleton, Female, , Bob With Accessory, Brown, , , Gold Diamond Necklace / Crown
611, Human, Female, Pale, Pigtails, Blonde, , , Red Lipstick / Third Eye
612, Human, Female, Tan, Pixie, Light Blue, , , Sunglasses
613, Human, Male, Dark, Buzz Cut, Black, Chinstrap, Black, 3D Glasses
614, Human, Male, Medium, Big Hair, Rainbow, Moustache, Black, Snorkel Mask
615, Human, Female, Tan, , , , , Snorkel Mask / Bunny Hood / Gold Necklace
616, Human, Female, Pale, Bob, Blonde, , , Ski Goggles
617, Human, Male, Pale, , , , , Bear Hood / Red Sunglasses
618, Human, Female, Dark, Heart Hair, Red, , , VR
619, Human, Male, Pale, Short Hair, Brown, Chinstrap, Brown, 
620, Orc, Male, , , , , , Bunny Hood
621, Human, Male, Tan, , , , , Crown / Red Sunglasses
622, Human, Female, Pale, Long Curly Hair, Orange, , , Snorkel Mask / Gold Earring
623, Human, Male, Dark, , , Chinstrap, Black, Cat
624, Human, Male, Medium, , , , , Burger Hat
625, Human, Female, Light, Long Curly Hair, Blonde, , , Red Lipstick / Eye Patch
626, Human, Male, Dark, Long Hair, Orange, Chin Goatee, Light Brown, Silver Necklace
627, Human, Male, Tan, Bald, , , , 
628, Human, Female, Pale, Bob, Blonde, , , Flowers
629, Hybrid (Alien / Demon), Male, , , , , , Gold Diamond Necklace
630, Demon, Female, , Straight Hair, Light Blue, , , Forehead Diamond
631, Human, Female, Pale, , , , , Bear Hood / Red Sunglasses
632, Human, Male, Dark, Buzz Cut, Blonde, Big Beard, Black, Headband
633, Human, Female, Dark, , , , , Bunny Hood / Purple Eye Shadow
634, Human, Female, Medium, , , , , Hoodie / Ski Goggles
635, Human, Female, Tan, , , , , Red Lipstick / Winter Hat
636, Human, Female, Pale, , , , , Heart Shades / Frog Hood
637, Human, Male, Dark, , , , , Face Mask / Top Hat
638, Human, Male, Light, , , , , Forehead Diamond / Crab Hat
639, Human, Male, Tan, , , Chin Goatee, Black, Red Sunglasses / Blue Cap
640, Alien, Male, , , , , , Red Cap
641, Human, Female, Medium, , , , , Frog Hood / Eye Patch
642, Human, Male, Tan, , , Long Goatee, Light Brown, Bear Hood / VR
643, Human, Male, Pale, Big Hair, Blonde, Stubble, , Gold Diamond Necklace / Superhero Mask
644, Human, Male, Pale, , , , , Sunglasses / Bunny Hood
645, Human, Male, Pale, , , Full Beard, Light Brown, Tears / Jester Hat
646, Human, Male, Medium, Long Hair, Orange, , , Cigar / Ski Goggles
647, Human, Female, Medium, Heart Hair, Black, , , Purple Eye Shadow
648, Human, Female, Tan, Bob With Accessory, Orange, , , Cat
649, Hybrid (Ape / Mummy), Male, , , , , , 
650, Zombie, Male, , , , , , Cowboy Hat / Pipe
651, Human, Female, Medium, Pigtails, Pink, , , Third Eye
652, Human, Male, Dark, Mohawk, Red, , , Pipe
653, Human, Male, Pale, , , Stubble, , Gold Necklace / Ski Goggles / Winter Hat
654, Human, Female, Tan, Bob With Accessory, Black, , , Silver Necklace / Santa Hat / 3D Glasses
655, Human, Male, Tan, Long Hair, Silver, Chinstrap, Light Brown, VR
656, Human, Male, Light, , , , , Sun Hat
657, Human, Female, Pale, , , , , Frog Hood / Purple Lipstick / Light Blue Eye Shadow
658, Human, Female, Light, , , , , 3D Glasses / Purple Bandana
659, Human, Male, Tan, Widow's Peak, Black, Full Beard, Black, 
660, Mummy, Male, , , , Chinstrap, Black, Top Hat
661, Human, Female, Pale, Pixie, Light Green, , , Silver Earring / Purple Lipstick
662, Human, Male, Pale, , , , , Crab Hat / Red Sunglasses / Cigarette
663, Human, Female, Light, Bob With Accessory, Orange, , , Crown
664, Human, Male, Pale, Mohawk, Red, , , 
665, Demon, Male, , Bald, , , , 
666, Human, Female, Tan, Buzz Cut, Silver, , , Silver Earring
667, Human, Male, Medium, , , , , Burger Hat / Cigar
668, Human, Female, Dark, Bald, , , , Red Lipstick / 3D Glasses
669, Hybrid (Zombie / Robot), Male, , , , , , Frog Hood
670, Ghost, Female, , Bob With Accessory, Blonde, , , Silver Necklace / Crown
671, Human, Male, Pale, Long Hair, Black, Full Beard, Black, Pipe
672, Human, Female, Pale, Afro, Silver, , , Silver Earring / Purple Eye Shadow
673, Human, Male, Dark, Bald, , Full Beard, Light Brown, Cigarette
674, Human, Female, Light, , , , , Crab Hat / Ski Goggles
675, Human, Female, Dark, Straight Hair, Silver, , , Black Lipstick
676, Human, Female, Pale, Straight Hair, Light Blue, , , Snorkel Mask
677, Human, Male, Light, , , Stubble, , Sombrero / Superhero Mask
678, Human, Female, Light, Pixie, Silver, , , Purple Eye Shadow / Pink Lipstick
679, Hybrid (Alien / Demon / Zombie), Female, , , , , , 
680, Vampire, Male, , , , , , Cowboy Hat
681, Human, Female, Light, Bob With Accessory, Black, , , Crown / Pink Lipstick
682, Human, Male, Dark, Widow's Peak, Orange, Big Beard, Light Brown, 
683, Human, Female, Light, Straight Hair, Brown, , , Bow / Red Sunglasses / Purple Lipstick
684, Human, Male, Light, Faux Hawk, Silver, Stubble, , Third Eye
685, Human, Male, Pale, , , Big Beard, Light Brown, Pipe / Eye Patch / Winter Hat
686, Human, Female, Dark, Pixie, Light Green, , , Purple Eye Shadow / Gold Diamond Necklace
687, Human, Female, Medium, Bob With Accessory, Black, , , Heart Shades / Magenta Lipstick / Cat
688, Human, Male, Dark, Mohawk, Purple, , , Headphones / Pipe
689, Ape, Male, , , , , , Cigar / Red Sunglasses / Purple Bandana
690, Robot, Male, , , , , , Top Hat
691, Human, Female, Medium, Heart Hair, Red, , , Magenta Lipstick / Ski Goggles
692, Human, Female, Dark, Long Curly Hair, Black, , , Bow / Eye Patch
693, Human, Male, Medium, , , Full Beard, Light Brown, Purple Bandana
694, Human, Female, Medium, Bob With Accessory, Blonde, , , Burger Hat / Light Blue Eye Shadow
695, Human, Male, Light, Mohawk, Purple, Goatee, Light Brown, Eye Patch
696, Human, Female, Pale, , , , , Sunglasses / Bunny Hood
697, Human, Male, Tan, , , Chinstrap, Black, Pilot Helmet
698, Human, Male, Pale, Buzz Cut, Orange, Long Goatee, Brown, 
699, Hybrid (Alien / Demon / Zombie / Ape), , , , , , , Hoodie
700, Alien, Male, , Bald, , , , Sunglasses / Birthday Hat
701, Human, Female, Pale, Straight Hair, Orange, , , Silver Earring / Third Eye / Magenta Lipstick
702, Human, Female, Light, Bob With Accessory, Brown, , , Red Cap
703, Human, Male, Light, Afro, Orange, Big Beard, Light Brown, 
704, Human, Female, Light, , , , , Cigar / 3D Glasses / Pilot Helmet
705, Human, Female, Dark, Afro, Orange, , , 
706, Human, Male, Pale, , , Moustache, Brown, Santa Hat
707, Human, Female, Medium, Straight Hair, Orange, , , Orange Eye Shadow
708, Human, Female, Pale, Afro, Black, , , Flowers
709, Ape, Female, , , , , , Green Bandana
710, Skeleton, Female, , , , , , Hoodie
711, Human, Female, Pale, Pixie, Black, , , Third Eye
712, Human, Female, Light, Pixie, Pink, , , Orange Eye Shadow
713, Human, Female, Pale, Straight Hair, Light Blue, , , Gold Earring / Birthday Hat
714, Human, Female, Tan, Straight Hair, Orange, , , Tears / Gold Earring / Gold Diamond Necklace
715, Human, Male, Pale, Widow's Peak, Silver, , , Silver Earring
716, Human, Female, Medium, Pigtails, Black, , , Light Blue Eye Shadow
717, Human, Female, Medium, Pigtails, Brown, , , Birthday Hat
718, Human, Male, Pale, , , Chin Goatee, Black, Gold Necklace / Sun Hat
719, Alien, Female, , Pixie, Light Blue, , , 
720, Orc, Female, , Straight Hair, Black, , , 
721, Human, Female, Dark, Heart Hair, Black, , , Sunglasses / Bow / Purple Lipstick
722, Human, Female, Medium, , , , , Heart Shades / Purple Lipstick / Purple Bandana
723, Human, Male, Light, Long Hair, Brown, , , 
724, Human, Female, Dark, Afro, Brown, , , Gold Diamond Necklace / Pink Lipstick
725, Human, Male, Medium, Short Hair, Black, Moustache, Black, Eye Patch
726, Human, Female, Light, Bob With Accessory, Brown, , , Jester Hat / VR / Purple Lipstick
727, Human, Male, Dark, Long Hair, Blonde, Moustache, Light Brown, 3D Glasses
728, Human, Female, Dark, Bob, Silver, , , Red Lipstick / Orange Eye Shadow
729, Human, Male, Tan, Widow's Peak, Silver, , , 
730, Demon, Male, , Faux Hawk, Periwinkle, , , Cigar
731, Human, Male, Tan, Widow's Peak, Silver, Chin Goatee, Black, Silver Earring
732, Human, Male, Tan, Long Hair, Brown, , , Silver Earring / Cigar
733, Human, Female, Dark, Long Curly Hair, Black, , , Gold Diamond Necklace
734, Human, Male, Pale, , , Stubble, , Santa Hat
735, Human, Female, Light, Bob With Accessory, Black, , , Sunglasses / Black Lipstick / Red Cap
736, Human, Male, Tan, , , Full Beard, Light Brown, Cowboy Hat
737, Human, Male, Medium, , , Muttonchops, Light Brown, Jester Hat / Eye Patch
738, Human, Male, Tan, , , , , VR / Green Bandana
739, Human, Male, Pale, , , Chinstrap, Light Brown, Tears / Green Bandana
740, Robot, Female, , , , , , Cigar / Bear Hood / Gold Diamond Necklace / Ski Goggles
741, Human, Male, Pale, , , Full Beard, Light Brown, Gold Necklace / Sun Hat / Eye Patch
742, Human, Female, Pale, Bob With Accessory, Black, , , Sombrero / VR
743, Human, Female, Light, , , , , Ski Goggles / Orange Bandana
744, Human, Female, Tan, Bob With Accessory, Black, , , Tears / Santa Hat / Pink Lipstick
745, Human, Female, Tan, Bob, Silver, , , Superhero Tiara
746, Human, Female, Light, , , , , Hoodie / Orange Eye Shadow
747, Human, Female, Light, Bob With Accessory, Orange, , , Jester Hat / Orange Eye Shadow
748, Human, Female, Light, Big Hair, Dark Red, , , Face Mask / Pink Eye Shadow
749, Human, Female, Tan, , , , , Red Lipstick / Pilot Helmet / Pink Eye Shadow
750, Zombie, Female, , Heart Hair, Black, , , Bow / Gold Diamond Necklace
751, Human, Male, Pale, , , , , Sun Hat / Cigarette
752, Human, Male, Dark, Short Hair, Silver, , , Eye Patch
753, Human, Female, Light, Bob With Accessory, Black, , , Pipe / Sun Hat
754, Human, Female, Tan, Short Hair, Blonde, , , Gold Earring / Silver Necklace
755, Human, Male, Light, Short Hair, Orange, , , Sunglasses / Face Mask
756, Human, Female, Tan, Bob With Accessory, Blonde, , , Red Cap
757, Human, Male, Light, Big Hair, Brown, Long Goatee, Brown, Eye Patch
758, Human, Female, Medium, Big Hair, Brown, , , Silver Necklace / Purple Lipstick / Headband
759, Hybrid (Zombie / Ape), Female, , , , , , Green Bandana
760, Mummy, Female, , Straight Hair, Black, , , Black Lipstick
761, Human, Female, Light, Straight Hair, Black, , , Purple Lipstick
762, Human, Female, Tan, Straight Hair, Brown, , , Heart Shades / Silver Necklace
763, Human, Male, Light, Short Hair, Orange, Moustache, Light Brown, Gold Earring / Cigar / VR
764, Human, Female, Medium, Straight Hair, Brown, , , Forehead Diamond / Headphones
765, Human, Male, Light, Short Hair, Blonde, , , Cigarette
766, Human, Female, Light, Straight Hair, Black, , , Bow / Gold Necklace
767, Human, Male, Tan, Short Hair, Silver, , , 
768, Human, Male, Dark, Short Hair, Black, Moustache, Light Brown, Silver Earring / Red Sunglasses
769, Human, Female, Light, Straight Hair, Light Blue, , , Sunglasses / Red Lipstick
770, Ghost, Male, , Faux Hawk, Silver, , , 
771, Human, Female, Light, Pixie, Black, , , Tears
772, Human, Male, Light, , , Muttonchops, Brown, Sunglasses / Pilot Helmet
773, Human, Female, Medium, Pigtails, Brown, , , Heart Shades
774, Human, Female, Dark, Pigtails, Black, , , Tears
775, Human, Male, Pale, Faux Hawk, Blonde, , , Sunglasses
776, Human, Female, Medium, Pigtails, Brown, , , VR / Headphones
777, Human, Female, Light, Pigtails, Black, , , Birthday Hat
778, Human, Male, Dark, Faux Hawk, Blonde, , , 
779, Hybrid (Orc / Mummy), Female, , , , , , Birthday Hat
780, Vampire, Female, , Bob With Accessory, Orange, , , Cowboy Hat / Red Sunglasses
781, Human, Female, Pale, Pigtails, Brown, , , Red Sunglasses
782, Human, Female, Light, Pigtails, Black, , , Purple Eye Shadow / Headband
783, Human, Female, Dark, Pixie, Black, , , Cigar
784, Human, Male, Pale, Faux Hawk, Blonde, Goatee, Light Brown, Heart Shades / Silver Necklace
785, Human, Male, Medium, , , , , Face Mask / Sombrero / VR
786, Human, Female, Dark, Long Curly Hair, Orange, , , Cigar / Gold Necklace
787, Human, Female, Pale, Bald, , , , Snorkel Mask
788, Human, Male, Pale, , , Full Beard, Brown, Crown
789, Human, Female, Pale, , , Full Beard, Light Brown, VR / Sun Hat
790, Alien, Male, , , , , , Silver Necklace / Top Hat
791, Human, Female, Dark, Pigtails, Periwinkle, , , Gold Earring / Magenta Lipstick
792, Human, Male, Tan, Afro, Orange, Muttonchops, Light Brown, VR
793, Human, Male, Tan, Faux Hawk, Brown, Full Beard, Brown, Heart Shades / Gold Necklace
794, Human, Female, Pale, Bob With Accessory, Orange, , , Cigar / Crown
795, Human, Male, Medium, , , Chinstrap, Light Brown, Eye Patch / Red Cap
796, Human, Male, Dark, , , , , Tears / Gold Necklace / Cigarette / Top Hat
797, Human, Male, Pale, Buzz Cut, Silver, Big Beard, Black, Sunglasses / Cigarette
798, Human, Female, Light, Pigtails, Blonde, , , Birthday Hat
799, Hybrid (Demon / Orc), Male, , Faux Hawk, Silver, , , Headband
800, Orc, Male, , Faux Hawk, Brown, , , 
801, Human, Female, Pale, Long Curly Hair, Silver, , , Sunglasses / Cigar / Pink Lipstick
802, Human, Male, Tan, Buzz Cut, Light Green, , , Face Mask / Gold Necklace / Headband
803, Human, Male, Dark, Mohawk, Blue, , , Ski Goggles
804, Human, Female, Light, Bob With Accessory, Brown, , , Green Eye Shadow / Cat
805, Human, Male, Dark, Short Hair, Black, Muttonchops, Black, Silver Necklace / Birthday Hat
806, Human, Female, Medium, , , , , Silver Necklace / Glasses / Purple Bandana
807, Human, Male, Dark, , , Moustache, Light Brown, Crown / Cigarette
808, Human, Female, Pale, Heart Hair, Pink, , , Sunglasses / Bow / Black Lipstick
809, Demon, Female, , Big Hair, Black, , , Gold Necklace / Purple Lipstick
810, Alien, Male, , Mohawk, Blue, , , 
811, Human, Female, Pale, Pigtails, Periwinkle, , , Purple Eye Shadow / Pipe
812, Human, Male, Dark, , , , , Crab Hat / Ski Goggles
813, Human, Male, Pale, , , , , Jester Hat / Pipe / Red Sunglasses
814, Human, Female, Tan, Bob, Silver, , , Ski Goggles
815, Human, Male, Dark, Widow's Peak, Orange, Chinstrap, Light Brown, Snorkel Mask / Gold Earring
816, Human, Male, Medium, Mohawk, Green, , , Glasses
817, Human, Male, Light, Big Hair, Dark Red, Stubble, , Red Sunglasses
818, Human, Female, Dark, Long Curly Hair, Silver, , , Flowers
819, Vampire, Female, , Bob With Accessory, Black, , , Santa Hat
820, Zombie, Male, , , , Full Beard, Light Brown, Crab Hat
821, Human, Female, Tan, , , , , VR / Winter Hat
822, Human, Female, Pale, Straight Hair, Silver, , , Forehead Diamond
823, Human, Male, Dark, Big Hair, Black, , , Gold Necklace / Cigarette
824, Human, Female, Medium, Buzz Cut, Orange, , , Flowers / Ski Goggles / Pink Lipstick
825, Human, Male, Pale, , , , , Cigar / Top Hat
826, Human, Male, Dark, , , Long Goatee, Black, Purple Bandana
827, Human, Male, Tan, Faux Hawk, Silver, Big Beard, Black, Cigarette
828, Human, Female, Pale, Bob With Accessory, Blonde, , , Sunglasses / Burger Hat
829, Robot, Female, , , , , , Gold Diamond Necklace / Green Bandana
830, Ape, Male, , , , , , Red Sunglasses / Pilot Helmet
831, Human, Female, Dark, Bob With Accessory, Black, , , Tears / Burger Hat / Magenta Lipstick
832, Human, Male, Pale, , , Chin Goatee, Light Brown, Cowboy Hat / Cigar
833, Human, Female, Light, Pixie, Light Blue, , , Gold Earring / VR
834, Human, Male, Light, , , Full Beard, Light Brown, Silver Necklace / Bunny Hood
835, Human, Female, Light, , , , , Crab Hat / Green Eye Shadow
836, Human, Male, Medium, , , Big Beard, Light Brown, 3D Glasses / Orange Bandana
837, Human, Male, Medium, Mohawk, Red, , , Glasses / Cigar
838, Human, Male, Medium, , , , , VR / Blue Cap
839, Mummy, Female, , , , , , Hoodie
840, Ghost, Male, , Widow's Peak, Silver, , , 
841, Human, Male, Light, , , , , Bear Hood / Ski Goggles
842, Human, Female, Dark, Big Hair, Rainbow, , , Pink Eye Shadow
843, Human, Female, Pale, Pigtails, Periwinkle, , , Headband
844, Human, Female, Light, Bob With Accessory, Brown, , , Sun Hat / Pink Lipstick
845, Human, Male, Medium, , , , , Frog Hood / Glasses
846, Human, Female, Medium, Pigtails, Blonde, , , Headphones
847, Human, Male, Light, , , Moustache, Black, Santa Hat
848, Human, Male, Pale, , , Chinstrap, Brown, Crown
849, Skeleton, Female, , , , , , Hoodie / Eye Patch
850, Demon, Male, , , , , , Crown
851, Human, Female, Light, Bob, Black, , , Bow
852, Human, Male, Medium, , , Stubble, , Jester Hat / Cigar
853, Human, Female, Pale, Bob, Teal, , , Silver Necklace / Magenta Lipstick / Birthday Hat
854, Human, Male, Medium, Buzz Cut, Light Green, , , Gold Earring / Silver Necklace / Ski Goggles
855, Human, Female, Pale, Bob With Accessory, Brown, , , Top Hat
856, Human, Male, Dark, Buzz Cut, Black, , , Silver Earring
857, Human, Female, Pale, Big Hair, Rainbow, , , Pink Eye Shadow
858, Human, Male, Light, Buzz Cut, Black, Stubble, , 
859, Orc, Female, , , , , , Green Bandana
860, Vampire, Male, , , , Big Beard, Light Brown, Top Hat
861, Human, Male, Pale, Big Hair, Rainbow, , , Gold Earring / Glasses
862, Human, Male, Medium, Faux Hawk, Black, , , VR
863, Human, Female, Dark, Long Curly Hair, Brown, , , Forehead Diamond
864, Human, Female, Medium, Bob, Pink, , , Ski Goggles
865, Human, Female, Pale, Buzz Cut, Brown, , , Bow / Red Sunglasses
866, Human, Male, Tan, Afro, Silver, , , Silver Earring
867, Human, Female, Light, Heart Hair, Black, , , VR
868, Human, Male, Pale, , , , , Top Hat
869, Alien, Female, , Long Curly Hair, Silver, , , VR / Pipe / Superhero Tiara
870, Robot, Male, , , , , , Crown / Cigarette
871, Human, Female, Dark, Heart Hair, Red, , , Sunglasses / Bow / Pink Lipstick
872, Human, Male, Dark, Mohawk, Red, Full Beard, Brown, Gold Earring / Heart Shades
873, Human, Male, Pale, Big Hair, Dark Red, Full Beard, Brown, Glasses
874, Human, Male, Medium, Big Hair, Blonde, Chinstrap, Light Brown, 
875, Human, Male, Pale, Buzz Cut, Light Green, Long Goatee, Light Brown, Headphones / Eye Patch
876, Human, Male, Light, Afro, Brown, Big Beard, Black, Red Sunglasses
877, Human, Male, Dark, , , Long Goatee, Black, Cowboy Hat
878, Human, Male, Tan, , , , , Red Sunglasses / Top Hat
879, Zombie, Female, , Bob With Accessory, Brown, , , Sunglasses / Cowboy Hat
880, Mummy, Male, , , , Full Beard, Brown, Cowboy Hat / Cigarette
881, Human, Male, Pale, Afro, Black, Stubble, , 
882, Human, Female, Dark, Bob, Silver, , , Tears / Red Lipstick / Gold Earring / Face Mask
883, Human, Male, Pale, , , , , Jester Hat
884, Human, Female, Light, Afro, Orange, , , Flowers
885, Human, Male, Dark, , , , , Sombrero
886, Human, Female, Pale, Bob With Accessory, Orange, , , Cowboy Hat / Cigar / Purple Eye Shadow / Gold Necklace
887, Human, Female, Dark, Pigtails, Brown, , , Snorkel Mask / Bow
888, Human, Female, Pale, , , , , Pipe
889, Ape, Female, , Bald, , , , Purple Lipstick / Cigarette
890, Skeleton, Male, , , , , , Viking Helmet / Forehead Diamond / Gold Diamond Necklace
891, Human, Male, Pale, , , Chinstrap, Brown, Crab Hat
892, Human, Female, Pale, Bob With Accessory, Brown, , , Burger Hat / Ski Goggles
893, Human, Female, Medium, , , , , Silver Necklace / VR / Cigarette / Orange Bandana
894, Human, Male, Light, , , Full Beard, Brown, Viking Helmet / VR
895, Human, Male, Tan, Mohawk, Green, Full Beard, Light Brown, Gold Diamond Necklace / Eye Patch
896, Human, Female, Tan, Straight Hair, Silver, , , 
897, Human, Female, Tan, Pigtails, Pink, , , Forehead Diamond / Cigar / Gold Diamond Necklace
898, Human, Female, Light, Big Hair, Black, , , Superhero Tiara
899, Ghost, Female, , Straight Hair, Silver, , , Bow
900, Alien, Male, , , , , , Cowboy Hat / Cigar
901, Human, Female, Pale, Straight Hair, Light Blue, , , Tears / Gold Earring
902, Human, Male, Light, Mohawk, Blue, Full Beard, Light Brown, Sunglasses / Gold Diamond Necklace
903, Human, Male, Light, , , Big Beard, Brown, Sunglasses / Cowboy Hat
904, Orc, Male, , , , Full Beard, Brown, Santa Hat
905, Human, Female, Medium, Long Curly Hair, Orange, , , Silver Earring / Headphones / Purple Lipstick
906, Human, Male, Pale, Short Hair, Blonde, Big Beard, Light Brown, Third Eye
907, Human, Male, Light, , , Moustache, Light Brown, Cowboy Hat / Pipe
908, Human, Male, Tan, Buzz Cut, Light Blue, Chinstrap, Brown, Tears
909, Skeleton, Female, , Bob With Accessory, Black, , , Crown
910, Ape, Male, , Faux Hawk, Black, , , 
911, Human, Male, Medium, , , Big Beard, Brown, Pilot Helmet / Cigarette
912, Human, Male, Tan, , , Stubble, , Jester Hat / VR / Gold Necklace
913, Human, Female, Medium, Big Hair, Rainbow, , , Gold Diamond Necklace / Light Blue Eye Shadow
914, Hybrid (Alien / Ape), Male, , Faux Hawk, Black, , , 
915, Human, Female, Dark, Straight Hair, Blonde, , , Black Lipstick / Ski Goggles
916, Human, Male, Pale, , , , , Sunglasses / Crab Hat
917, Human, Male, Dark, , , Chinstrap, Black, 3D Glasses / Pilot Helmet
918, Human, Male, Light, Faux Hawk, Black, Full Beard, Black, Ski Goggles
919, Vampire, Female, , Straight Hair, Blonde, , , Bow / Cigarette
920, Zombie, Male, , , , Stubble, , Tears / Pilot Helmet
921, Human, Male, Light, Buzz Cut, Light Green, Big Beard, Brown, Glasses / Gold Necklace / Birthday Hat
922, Human, Female, Tan, Afro, Orange, , , Gold Earring / Cigar / Purple Eye Shadow / Purple Lipstick
923, Human, Male, Pale, , , , , Sombrero / Ski Goggles
924, Zombie, Male, , , , , , Jester Hat / Cigar
925, Human, Female, Tan, , , , , Crab Hat / Purple Lipstick / Cigarette
926, Human, Male, Pale, Faux Hawk, Periwinkle, , , Glasses
927, Human, Male, Dark, Faux Hawk, Brown, Chin Goatee, Brown, Gold Earring / Cigarette
928, Human, Male, Light, , , , , Pipe / Red Sunglasses / Top Hat
929, Mummy, Female, , Big Hair, Rainbow, , , Gold Diamond Necklace
930, Demon, Male, , Widow's Peak, Orange, , , Pipe
931, Human, Female, Dark, Heart Hair, Pink, , , Ski Goggles / Purple Lipstick
932, Human, Male, Pale, Faux Hawk, Blonde, , , Cigar / Eye Patch
933, Human, Male, Tan, Afro, Brown, Stubble, , 
934, Hybrid (Alien / Ape), Female, , , , , , Red Sunglasses
935, Human, Female, Pale, Straight Hair, Light Blue, , , Gold Earring / Superhero Mask / Cigarette
936, Human, Male, Medium, Faux Hawk, Brown, Full Beard, Light Brown, Sunglasses / Pipe
937, Human, Female, Tan, Straight Hair, Orange, , , Pink Eye Shadow
938, Human, Female, Tan, , , , , Sunglasses / Crab Hat
939, Robot, Female, , Long Curly Hair, Silver, , , 
940, Ghost, Male, , , , Stubble, , Blue Cap
941, Human, Female, Pale, Straight Hair, Black, , , Pink Lipstick / Pink Eye Shadow
942, Human, Male, Medium, Faux Hawk, Silver, Stubble, , Snorkel Mask
943, Human, Female, Dark, Straight Hair, Orange, , , Heart Shades / Black Lipstick / Birthday Hat
944, Zombie, Female, , Long Curly Hair, Silver, , , Gold Diamond Necklace / Black Lipstick
945, Human, Female, Medium, Pigtails, Periwinkle, , , Gold Earring / Gold Necklace / Green Eye Shadow / Superhero Tiara
946, Human, Female, Medium, Bob With Accessory, Orange, , , Jester Hat
947, Human, Female, Tan, Straight Hair, Light Blue, , , Bow
948, Human, Male, Light, , , , , Cat / Cigarette
949, Human, Male, , Long Curly Hair, Black, , , 
950, Skeleton, Male, , , , , , Crown
951, Human, Male, Tan, Faux Hawk, Blonde, Full Beard, Light Brown, Cigarette
952, Human, Female, Pale, Straight Hair, Light Blue, , , Red Lipstick / Glasses
953, Human, Male, Pale, Faux Hawk, Black, Moustache, Light Brown, Silver Earring / Red Sunglasses / Birthday Hat
954, Hybrid (Skeleton / Mummy), Male, , , , , , Cowboy Hat
955, Human, Male, Tan, , , Chinstrap, Light Brown, Bear Hood
956, Human, Male, Medium, Mohawk, Green, , , Sunglasses / Pipe
957, Human, Female, Pale, Heart Hair, Red, , , Purple Lipstick / Birthday Hat
958, Human, Male, Dark, Mohawk, Red, Full Beard, Light Brown, 
959, Alien, Female, , Straight Hair, Light Blue, , , 
960, Vampire, Male, , , , Stubble, , Santa Hat
961, Demon, Male, , Widow's Peak, Black, Muttonchops, Black, Gold Diamond Necklace
962, Human, Female, Pale, Big Hair, Rainbow, , , Flowers / Red Sunglasses
963, Human, Male, Dark, Buzz Cut, Light Blue, Full Beard, Light Brown, Glasses / Pipe
964, Zombie, Male, , Mohawk, Red, , , Eye Patch
965, Human, Female, Medium, Straight Hair, Brown, , , Sunglasses / Birthday Hat
966, Human, Female, Tan, Straight Hair, Black, , , Bow
967, Human, Female, Pale, Straight Hair, Light Blue, , , Heart Shades
968, Human, Male, Light, Big Hair, Rainbow, Big Beard, Brown, Snorkel Mask / Birthday Hat
969, Ape, Female, , Pigtails, Black, , , Gold Necklace / Eye Patch
970, Mummy, Male, , , , , , Cowboy Hat / Gold Necklace
971, Alien, Male, , , , , , Top Hat
972, Orc, Male, , , , , , Jester Hat / Gold Diamond Necklace
973, Ape, Female, , , , , , Frog Hood / Gold Diamond Necklace / Green Eye Shadow
974, Hybrid (Demon / Ape), Female, , , , , , Superhero Tiara
975, Vampire, Male, , Widow's Peak, Brown, , , Sunglasses
976, Zombie, Male, , Mohawk, Blue, , , VR
977, Alien, Female, , Bob With Accessory, Blonde, , , Crown
978, Demon, Female, , Bob, Pink, , , Silver Earring / Cigarette
979, Zombie, Female, , Long Curly Hair, Black, , , Flowers / Light Blue Eye Shadow
980, Robot, Male, , , , , , Sun Hat
981, Zombie, Female, , Long Curly Hair, Blonde, , , Birthday Hat
982, Alien, Male, , , , , , Sunglasses / Cowboy Hat / Cigar / Gold Diamond Necklace
983, Demon, Female, , , , , , Bear Hood / Gold Necklace / Ski Goggles
984, Mummy, Female, , Long Curly Hair, Blonde, , , 
985, Ape, Male, , , , , , Sunglasses / Cat
986, Alien, Female, , Straight Hair, Silver, , , Gold Earring / Birthday Hat
987, Demon, Male, , , , Chinstrap, Black, Heart Shades / Gold Diamond Necklace / Crab Hat
988, Ape, Male, , , , , , Sombrero / Pipe
989, Demon, Female, , Straight Hair, Blonde, , , Forehead Diamond / Purple Lipstick
990, Orc, Male, , , , , , Crown / Gold Necklace
991, Ape, Male, , Bald, , , , Sunglasses
992, Skeleton, Female, , Bob With Accessory, Orange, , , Crown / Red Sunglasses
993, Alien, Male, , Mohawk, Black, , , Red Sunglasses
994, Robot, Male, , , , , , Jester Hat
995, Demon, Male, , Short Hair, Orange, , , Sunglasses
996, Vampire, Male, , Widow's Peak, Black, , , Sunglasses / Birthday Hat
997, Zombie, Female, , Heart Hair, Pink, , , Bow / Gold Diamond Necklace / VR
998, Ghost, Female, , Straight Hair, Silver, , , 
999, Hybrid (Alien / Demon / Zombie / Robot / Ape), Male, , , , , , 
