id, body, eyes, mouth, hat, clothes, earring
0, Black, Round Glasses, Buck Teeth, Hat 1, Ay Sailor, 
1, Beige, Dontsee, What, Rabbit, , Silver 2
2, Woke From Dead, Pressure, Whatever, Service, Ymca, 
3, Checkered, Notfunny, Say Aah, , Moon, Silver 2
4, Brown, Undead, Whatever, Have Fun 1, , 
5, Holo Rainbow, Multilevel, What, , , 
6, Brown, Pirate, Dangerous Smoke 3, Trendy 1, Blank, 
7, Light Brown, Nothappy Longer, Argh, Whereiswhale, Vest, 
8, Lady, Pressure, Whatever, Catch Robbers, , 
9, Light Brown, Reality, Meh, , Onthesea, 
10, Black, Money, Now, Whalehunter 1, Rappers, 
11, Bloodbath, Notfunny, Meh, Manbun, Robinson, 
12, Dark Brown, Nothappy Longer, Scowl, , Nowar, 
13, Light Brown, Nothappy, Meh, Whereiswhale, Preshistoric, 
14, Black, Love, Say Aah, Whalehunter 2, Cuba, Silver 2
15, Lady, Dontsee, Whatever, Fetish, Fishnet Top, 
16, Africa Animal, Dead, What, , Nowar, 
17, Brown, Devourer, Now, Service, Praetexta, 
18, Black, Dontsee, Meh, Trendy 1, Robinson, Silver 2
19, Light Brown, Notfunny, Sounds, Whereiswhale, , 
20, Nature, Round Glasses, What, Small Child, , Silver 2
21, Beige, Puppy Dog, Meh Dangerous Smoke 1, Headset, Weapon Belt, 
22, Dark Brown, Money, Say Aah, Have Fun 1, Ymca, 
23, Bloodbath, Undead, Argh, Prison, , 
24, Grey, Nothappy Longer, Whatever, Hat 3, Blank, 
25, Light Brown, Notfunny, Meh, Have Fun 1, , 
26, Black, Nothappy Longer, Dangerous Smoke 2, Prison, Overalls, 
27, Gotsun, Notfunny, Moo, Warhat 2, Wifeshirt 1, 
28, Candy Cane, Love, Meh Dangerous Smoke 2, Jesus Alive, Nofire, Silver 1
29, Bloodbath, See Stuff, Dangerous Smoke 2, Hat 3, , 
30, Machine, Nothappy, Whatever, Winter Hat, Alcatraz, Gold 1
31, Dark Brown, Money, What, Headset, Honololu, 
32, Brown, Notfunny, Meh Sounds, Comrade, Vest, 
33, Black, Reality, Say Aah, , Piercings, Silver 1
34, Holo Rainbow, Nothappy, Dangerous Smoke 2, Leprechaun, Overalls, 
35, Africa Animal, Pressure, Meh Sounds, Cat Ears, Piercings, Gold 1
36, Black, Future, Meh, Warhat 1, Honololu, 
37, Candy Cane, Money, Say Aah, , Fashion Accesory, Gold 1
38, Beige, Bed, Funny, , Hipster Shirt, 
39, Lady, Blocksun, What, , Not A Suit, 
40, Machine, Dontlook, Argh, Prison, Make Fire, 
41, Beige, Love, Meh, Whalehunter 2, Piercings, 
42, Nature, Pressure, Dangerous Smoke 2, Devil, Nofire, Silver 2
43, Light Brown, See Stuff, Yesplease, , Wifeshirt 2, 
44, Vector, Multilevel, Dangerous Smoke 2, Visor Hat, Broken, Silver 1
45, Grey, Pirate, Meh Dangerous Smoke 1, Prison, Make Fire, 
46, Light Brown, Reality, What, , Hipsterneck, 
47, Black, Puppy Dog, Whatever, Whalehunter 2, Nowar, 
48, Lady, Not Nice, Moo, Prison, , 
49, Brown, Notfunny, Sounds, Punk Short, Blank, Gold 2
50, Africa Animal, Multilevel, Dangerous Smoke 1, Whalehunter 1, Cycle, 
51, Blue, Pressure, Nofeelingwell, Hat 2, Great T-Shirt, 
52, Dark Brown, Undead, Whatever, Warhat 1, Robinson, 
53, Beige, Notfunny, Rainbow, , , 
54, Gotsun, See Stuff, Meh, Prison, Overalls, 
55, Machine, Dontsee, Rainbow, , Sweet Jacket, Silver 2
56, Color Dots, Notfunny, Whatever, Whalehunter 1, Honololu, Gold 1
57, Light Brown, Reality, What, Prison, Hippy, Silver 1
58, Dark Brown, Round Glasses, Whatever, Fetish, Rappers, Silver 2
59, Candy Cane, Bed, Meh, , , Stretched
60, Light Brown, See Stuff, Argh, Whereiswhale, Ymca, 
61, Black, Pressure, Dangerous Smoke 1, Prison, Knight Armor, 
62, Grey, Bed, Meh, Cook, Ymca, Silver 1
63, Brown, Round Glasses, What, Whereiswhale, Overalls, Silver 2
64, Light Brown, See Stuff, Whatever, Whereisgiraffe, Lingerie, 
65, Lady, Nothappy, Say Aah, , Vest, Silver 1
66, Woke From Dead, Money, What, Punk Short, Multicolor, 
67, Bloodbath, Bed, Meh Food, , , 
68, Albino, Notfunny, Whatever, Warhat 1, Preshistoric, Ear Cuff
69, Brown, Machine, Moo, Warhat 2, Ymca, 
70, Black, Bed, Meh Blow Bubble, , Cycle, 
71, Acid, Notfunny, Whatever, Prison, Trash, 
72, Africa Animal, Multilevel, Nofeelingwell, , Wifeshirt 2, 
73, Dark Brown, Notfunny, No Teeth, Comrade, Moon, 
74, Lady, Monocle, Whatever, Have Fun 2, Gentleman, 
75, Grey, Pressure, Higschool, Service, , 
76, Checkered, See Stuff, Moo, Hidehairs, Weapon Belt, 
77, Albino, Dead, Nofeelingwell, , Hoodie Red, 
78, Grey, Machine, Meh Dangerous Smoke 2, , Overalls, 
79, Beige, Blocksun, Scowl, Prison, Blazer Black, 
80, Machine, Pirate, Rainbow, Have Fun 2, Hipsterneck, Multiple
81, Black, Future, Meh, Whereiswhale, Hipster Shirt, 
82, Woke From Dead, Bed, What, Trendy 1, Preshistoric, Silver 1
83, Brown, Monocle, Whatever, Side Shave, Trash, 
84, Beige, Round Glasses, Moo, Prison, , 
85, Machine, Nothappy, Meh, Whalehunter 1, Multicolor, Ear Cuff
86, Light Brown, Blocksun, Whatever, Whereiswhale, Not A Suit, 
87, Bloodbath, See Stuff, Meh Blow Bubble, Whereisgiraffe, , 
88, Brown, Dontlook, Moo, Whalehunter 2, Ay Sailor, Silver 2
89, Checkered, Nothappy, Whatever, Manbun, Nowar, 
90, Grey, Notfunny, Meh, Rabbit, Ay Sailor, 
91, Beige, Bed, Whatever, Small Child, Praetexta, 
92, Dark Brown, Future, Meh Sounds, Warhat 2, , 
93, Africa Animal, Bed, Whatever, Trendy W 2, Blank, 
94, No Signal, Nothappy Longer, Moo, Punk Short, Cycle, 
95, Dark Brown, Bed, Meh, Warhat 1, Not A Suit, 
96, Lady, Pressure, Nofeelingwell, Prison, Fashion Accesory, Gold 2
97, Beige, Future, Meh, Hiiya, Overalls, Multiple
98, Brown, Notfunny, Dangerous Smoke 2, , Ymca, 
99, Machine, Not Nice, Moo, , , Gold 2
100, Red, Pressure, Funny, Whalehunter 2, Hippy, 
101, Bloodbath, Notfunny, Rainbow, Side Shave, Honololu, 
102, Black, Round Glasses, Now, Whereiswhale, Lingerie, Gold 2
103, Neon Glow, Devourer, Whatever, Hiiya, Ymca, 
104, Red, Round Glasses, Nofeelingwell, Rabbit, Rappers, 
105, Grey, Blocksun, Whatever, Leprechaun, Moon, 
106, Brown, Notfunny, Meh Dangerous Smoke 2, , Hirewomen, 
107, Holo Rainbow, Pressure, Meh, , , 
108, Dark Brown, Nothappy Longer, Whatever, Prison, Alcatraz, 
109, Black, Pirate, Food, Trendy W 2, Trench, 
110, Africa Animal, Puppy Dog, Meh, Whereiswhale, Fashion Accesory, 
111, Dark Brown, Bed, Whatever, Manbun, Piercings, 
112, Beige, Notfunny, Dangerous Smoke 1, Whalehunter 1, Praetexta, 
113, Checkered, Nothappy, Meh Dangerous Smoke 3, Punk Short, Vest, Silver 2
114, Light Brown, See Stuff, Whatever, , Knight Armor, 
115, Albino, Not Nice, Yesplease, , Preshistoric, 
116, Brown, Pressure, Food, Punk Short, Cool T-Shirt, 
117, Lady, Dontsee, Higschool, Leprechaun, Ay Sailor, 
118, Dark Brown, Dead, Yesplease, , Praetexta, Ear Cuff
119, Lady, Money, Meh Dangerous Smoke 1, Mafia, Overalls, Silver 1
120, Neon Glow, Monocle, Meh Blow Bubble, , Nowar, Ear Cuff
121, Red, Dead, Dangerous Smoke 2, Mafia, Hipsterneck, 
122, Dark Brown, Future, Whatever, Antique, Costume Old, Silver 1
123, Grey, Notfunny, What, , Ay Sailor, Gold 1
124, Blue, Pew, Argh, Whereiswhale, Wifeshirt 2, 
125, Black, Bed, Say Aah, Cat Ears, Vest, 
126, Light Brown, Undead, Whatever, Comrade, Piercings, 
127, Black, Money, No Teeth, War Helmet, Onthesea, Silver 2
128, Holo Rainbow, Pressure, Meh Dangerous Smoke 2, Visor Hat, Trash, 
129, Machine, Nothappy, Moo, Jesus Alive, Ok, 
130, Vector, Not Nice, Meh, , Overalls, 
131, Red, See Stuff, Meh Dangerous Smoke 2, Prison, Cycle, 
132, Candy Cane, Pressure, Meh, , , Silver 1
133, Brown, Not Nice, Dangerous Smoke 3, , Overalls, Stretched
134, Color Dots, Machine, Meh, Whalehunter 1, Not A Suit, 
135, Beige, Pirate, Whatever, , Trench, Gold 1
136, Albino, Reality, Dangerous Smoke 2, Whereisgiraffe, Ay Sailor, 
137, Beige, Notfunny, Bling, Mafia, Poncho, 
138, Dark Brown, Pressure, Scowl, Leprechaun, Robinson, Jesus
139, Red, Multilevel, Meh, , Overalls, 
140, Dark Brown, Undead, Nofeelingwell, Winter Hat, Vest, Silver 1
141, Black, Notfunny, Whatever, Jesus Alive, Trash, 
142, Woke From Dead, Dead, Moo, Punk Short, , 
143, Gotsun, Pressure, Whatever, , Ok, 
144, Red, Notfunny, Gold Bling, Rabbit, , Gold 2
145, Woke From Dead, Pressure, Whatever, Hiiya, Gentleman, Multiple
146, Gotsun, Round Glasses, What, Whalehunter 2, Hipsterneck, 
147, Africa Animal, Puppy Dog, Moo, Catch Robbers, Rock, 
148, Beige, Pressure, What, Service, Praetexta, 
149, Dark Brown, Dontlook, Moo, Hippy Hat, , Jesus
150, Gotsun, Notfunny, What, Comrade, Hipsterneck, 
151, Stars And Stripes, Machine, Argh, Whalehunter 1, , Gold 2
152, Lady, Blocksun, Meh, Hiiya, Nowar, 
153, Dark Brown, Money, Whatever, , Blazer Black, Silver 1
154, Albino, Multilevel, Argh, Punk Short, Hirewomen, 
155, Gotsun, Bed, Meh Dangerous Smoke 2, Comrade, Piercings, Gold 2
156, Brown, Pirate, Moo, , Preshistoric, 
157, Dark Brown, Notfunny, Meh, Trendy 1, Trench, 
158, Beige, Love, Moo, Cat Ears, Rock, 
159, Black, Notfunny, Whatever, , , 
160, Dark Brown, Blocksun, Hipster Stache, Comrade, , 
161, Red, Nothappy Longer, Whatever, Whalehunter 2, Hipsterneck, Gold 1
162, Light Brown, Pressure, Meh, Rabbit, Cuba, 
163, Beige, Machine, Whatever, , Gentleman, Multiple
164, Machine, Dontsee, Now, Hiiya, Hipsterneck, 
165, Dark Brown, Notfunny, Scowl, Trick Hat, Wifeshirt 2, 
166, Woke From Dead, Multilevel, Whatever, Fetish, Lingerie, Silver 1
167, Brown, Money, Rainbow, Hiiya, Bang Bang, 
168, Light Brown, Undead, Moo, Hat 2, Honololu, 
169, Red, Nothappy, Whatever, Whereiswhale, Cycle, 
170, Black, Pressure, Meh, Visor Hat, , 
171, Easter Egg, Multilevel, Moo, Prison, Hipster Shirt, 
172, Dark Brown, Notfunny, Nofeelingwell, , , Silver 2
173, Black, Pressure, Whatever, Side Shave, Not A Suit, 
174, Grey, Multilevel, Argh, Have Fun 2, , 
175, Gotsun, Notfunny, Meh, , Hippy, 
176, Black, Pressure, Whatever, Whalehunter 2, Sweet Jacket, 
177, Machine, Dead, Yesplease, Mafia, Trench, Gold 1
178, Black, Nothappy Longer, Dangerous Smoke 2, Notsmart, Piercings, 
179, Brown, Bed, Bling, Punk Short, Ay Sailor, 
180, Grey, See Stuff, Yesplease, , Rappers, 
181, Dark Brown, Not Nice, Whatever, Whereiswhale, Trash, 
182, Grey, Pressure, Dangerous Smoke 2, Trick Hat, , Silver 2
183, Woke From Dead, Notfunny, Moo, Leprechaun, Moon, 
184, Light Brown, Pressure, Whatever, Service, Cycle, Silver 1
185, Candy Cane, See Stuff, Moo, , , Jesus
186, Black, Bed, Whatever, Catch Robbers, Broken, 
187, Africa Animal, Dontsee, Hipster Stache, Trick Hat, Hipsterneck, 
188, Red, See Stuff, Dangerous Smoke 2, Jesus Alive, Blank, Gold 2
189, Albino, Blocksun, Funny, Whalehunter 2, , 
190, Black, Pressure, What, Fetish, Rock, 
191, Light Brown, Notfunny, Moo, Whalehunter 2, Nowar, Silver 2
192, Candy Cane, See Stuff, Say Aah, Leprechaun, Cool T-Shirt, 
193, Light Brown, Puppy Dog, Dangerous Smoke 1, Prison, Bang Bang, Silver 2
194, Brown, Nothappy, Meh, Service, Bringcash, 
195, Black, Multilevel, Argh, Whalehunter 1, Vest, Silver 1
196, Gotsun, Dontsee, Whatever, Hat 2, , 
197, Color Dots, Round Glasses, Dangerous Smoke 2, Small Child, Praetexta, Gold 1
198, Black, Dead, Argh, Hat 1, Poncho, 
199, Brown, Bed, Funny, Prison, , 
200, Nature, Notfunny, Scowl, Trendy 1, Gentleman, 
201, Beige, Pressure, Say Aah, Mafia, Onthesea, 
202, Stars And Stripes, Not Nice, Scowl, Devil, , 
203, Lady, Multilevel, Meh, Whereiswhale, Broken, 
204, Bloodbath, Devourer, Blow Bubble, Rabbit, , Silver 1
205, Gotsun, Pressure, Meh, , Preshistoric, 
206, Black, Dead, Argh, Service, , 
207, Candy Cane, Snake, Whatever, Trendy 1, Hipster Shirt, 
208, Black, Multilevel, Dangerous Smoke 2, Trick Hat, Praetexta, 
209, Red, Dontlook, Whatever, Service, Cycle, Ear Cuff
210, Black, Notfunny, Meh, Visor Hat, Ay Sailor, 
211, Grey, Monocle, Now, Punk Short, , 
212, Brown, Devourer, Meh, Antique, , 
213, Black, Money, Blow Bubble, Whalehunter 2, Gentleman, 
214, Beige, Multilevel, Whatever, Trendy 2, Hippy, 
215, Brown, Pressure, Meh, Whereiswhale, Robinson, Gold 1
216, Dark Brown, Dead, Now, Punk Short, Honololu, 
217, Blue, Nothappy, Moo, Trendy 1, Rappers, 
218, Black, Dontlook, Meh, , Costume Old, 
219, Lady, Pirate, Meh Dangerous Smoke 2, Small Child, Nowar, 
220, Holo Rainbow, Puppy Dog, Meh Sounds, , Wifeshirt 1, 
221, Brown, Nothappy Longer, Meh, , Ay Sailor, 
222, Holo Rainbow, Bed, Whatever, Trendy W 2, Praetexta, 
223, Lady, Pressure, Now, Service, Piercings, 
224, Brown, Multilevel, Whatever, Headset, , 
225, Void, Pressure, Scowl, , Not A Suit, 
226, Red, Puppy Dog, Dangerous Smoke 2, Devil, Trash, Gold 2
227, Dark Brown, Notfunny, Meh, Service, Honololu, 
228, Machine, Pressure, Rainbow, Whalehunter 2, Hipsterneck, 
229, Dark Brown, Nothappy, Whatever, Have Fun 1, Hoodie Red, Multiple
230, Light Brown, Reality, Now, Whalehunter 1, Cuba, Ear Cuff
231, Lady, See Stuff, Meh, Leprechaun, Bringcash, 
232, Brown, Not Nice, Meh Dangerous Smoke 2, Devil, Ay Sailor, 
233, Light Brown, See Stuff, Say Aah, Good Idea, Blazer Black, 
234, Blue, Puppy Dog, Meh, Whalehunter 1, , Ear Cuff
235, Africa Animal, Notfunny, Whatever, Have Fun 2, Make Fire, 
236, Brown, Money, Dangerous Smoke 2, Whalehunter 1, Ymca, 
237, Blue, Dontlook, Meh Blow Bubble, Have Fun 2, Robinson, Silver 1
238, Candy Cane, Pressure, Meh Dangerous Smoke 2, Whalehunter 2, Vest, 
239, Light Brown, Undead, What, Comrade, Hipsterneck, 
240, Brown, Notfunny, Blow Bubble, Rabbit, , 
241, Candy Cane, Multilevel, Scowl, , Praetexta, Gold 2
242, Easter Egg, Notfunny, Whatever, , Ok, 
243, Woke From Dead, Pirate, Meh, Hiiya, Fishnet Top, 
244, Blue, Notfunny, Knife, Trendy 1, Great T-Shirt, Gold 2
245, Light Brown, See Stuff, Meh, Whereiswhale, Vest, Silver 1
246, Red, Nothappy, What, , Rappers, 
247, Gotsun, Money, Yesplease, Prison, Not A Suit, 
248, Brown, Blocksun, Nofeelingwell, Jesus Alive, Fashion Accesory, 
249, Black, Dontlook, Dangerous Smoke 2, , Hirewomen, 
250, Grey, Nothappy Longer, Whatever, Devil, Cycle, Silver 1
251, Gotsun, Pressure, Meh, Winter Hat, Praetexta, Ear Cuff
252, Light Brown, Money, Moo, Punk Short, Ymca, 
253, Void, Bed, Meh, , , Gold 1
254, Lady, Reality, Rainbow, Hidehairs, Overalls, 
255, Holo Rainbow, Bed, Meh Dangerous Smoke 2, Punk Short, Rappers, Silver 1
256, Dark Brown, Notfunny, Funny, Cat Ears, Ay Sailor, 
257, Light Brown, Bed, Meh, , Moon, Silver 1
258, Bad Machine, Machine, Whatever, Trick Hat, Wifeshirt 2, 
259, Color Dots, Nothappy Longer, Nofeelingwell, Whalehunter 2, Trash, Silver 2
260, Blue, Notfunny, Whatever, Prison, , 
261, Beige, See Stuff, Dangerous Smoke 2, Hippy Hat, Nowar, 
262, Grey, Multilevel, Whatever, Whalehunter 2, Cycle, Ear Cuff
263, Void, Round Glasses, Scowl, , , Multiple
264, Beige, Love, Now, Devil, Gentleman, Silver 2
265, Dark Brown, Bed, No Teeth, , Overalls, 
266, Albino, Notfunny, Dangerous Smoke 2, Jesus Alive, Wifeshirt 2, 
267, Gotsun, Blocksun, Meh, Whereisgiraffe, , Gold 2
268, Light Brown, Pirate, Meh Dangerous Smoke 2, Whalehunter 2, Nowar, Multiple
269, Albino, Puppy Dog, Yesplease, Trendy 1, , Gold 1
270, Black, Love, Moo, Cat Ears, Blank, 
271, Brown, See Stuff, Dangerous Smoke 2, Cook, , Silver 1
272, Light Brown, Pressure, Whatever, Have Fun 1, Weapon Belt, 
273, Acid, Reality, Moo, , , 
274, Light Brown, Monocle, Scowl, , Poncho, Ear Cuff
275, Easter Egg, Devourer, Whatever, Hat 3, , 
276, Vector, Notfunny, Moo, , Piercings, 
277, Light Brown, Not Nice, Now, Trendy 1, Chemist, 
278, Dark Brown, Money, What, Hiiya, , Multiple
279, Brown, Notfunny, Whatever, Trendy 1, Trash, 
280, Red, Love, Meh Dangerous Smoke 2, Jesus Alive, Vegas Dancer, 
281, No Signal, Bed, Whatever, Notsmart, , 
282, Brown, Notfunny, No Teeth, Fetish, Hippy, Silver 2
283, Beige, Pirate, Whatever, , Trash, 
284, Light Brown, Notfunny, Buck Teeth, Prison, Nofire, 
285, Beige, Dead, Whatever, , Trash, 
286, Light Brown, Bed, Meh, Whalehunter 1, Alcatraz, 
287, Woke From Dead, Not Nice, Whatever, Headset, Rock, 
288, Candy Cane, Notfunny, Scowl, Hat 3, Cuba, 
289, Black, Bed, Whatever, , Robinson, 
290, Brown, Dontsee, No Teeth, Notsmart, Hipsterneck, 
291, No Signal, Bed, Gold Bling, Whalehunter 2, , 
292, Red, Dontsee, Meh, Winter Hat, Hipster Shirt, 
293, Blue, See Stuff, Dangerous Smoke 3, Whereisgiraffe, Blank, Multiple
294, Albino, Money, Gold Bling, War Helmet, Onthesea, 
295, Brown, See Stuff, Moo, Whalehunter 1, Sweet Jacket, 
296, Grey, Blocksun, Higschool, , , Silver 2
297, Bloodbath, Multilevel, Nofeelingwell, Trendy W 1, , 
298, Machine, Notfunny, Meh, , , 
299, Dark Brown, Bed, Whatever, Prison, Make Fire, 
300, Woke From Dead, Pirate, Moo, Rule All, , 
301, Blue, Nothappy Longer, Dangerous Smoke 2, Winter Hat, , 
302, Light Brown, Blocksun, Scowl, , , 
303, Dark Brown, Round Glasses, Whatever, Catch Robbers, Hipsterneck, 
304, Brown, Reality, Say Aah, Jesus Alive, Cycle, 
305, Light Brown, Nothappy Longer, Whatever, Cook, Poncho, 
306, Beige, Notfunny, Meh Dangerous Smoke 3, Mafia, Wifeshirt 2, 
307, Grey, Pressure, Meh, , Poncho, 
308, Brown, See Stuff, Moo, Trendy 1, Wifeshirt 2, 
309, Light Brown, Notfunny, Meh, Prison, Sweet 16, 
310, Gotsun, See Stuff, Scowl, Trendy W 2, Wifeshirt 1, Jesus
311, Dark Brown, Notfunny, Moo, Headset, Nowar, 
312, Beige, Monocle, Argh, , Honololu, Silver 1
313, No Signal, Money, Whatever, Rule All, , 
314, Brown, Dontsee, Dangerous Smoke 1, , Cycle, 
315, Gotsun, Blocksun, Whatever, Whereiswhale, Preshistoric, Silver 2
316, Dark Brown, Notfunny, Say Aah, War Helmet, , 
317, Checkered, Pressure, Whatever, Mafia, Fashion Accesory, 
318, Bloodbath, Pirate, Say Aah, , , Silver 1
319, Africa Animal, Nothappy Longer, Funny, Jesus Alive, Cycle, 
320, Black, Not Nice, Dangerous Smoke 2, , Bringcash, 
321, Africa Animal, See Stuff, What, Comrade, Alcatraz, 
322, Dark Brown, Puppy Dog, Argh, Whereiswhale, Wifeshirt 2, 
323, Brown, Monocle, Moo, Trick Hat, , 
324, Woke From Dead, Bed, Say Aah, Leprechaun, Chemist, 
325, Gotsun, Notfunny, Meh Dangerous Smoke 2, Whereiswhale, Great T-Shirt, 
326, Dark Brown, Money, Dangerous Smoke 2, Cook, Gentleman, 
327, Brown, Pirate, Knife, Hiiya, Blank, 
328, Beige, Bed, Gold Bling, Headset, Not A Suit, 
329, Light Brown, Notfunny, Whatever, Jesus Alive, Hipster Shirt, Gold 1
330, Bloodbath, Nothappy Longer, Argh, Side Shave, , Silver 2
331, Black, Snake, Meh, Devil, Poncho, 
332, Neon Glow, Notfunny, Dangerous Smoke 2, , Wifeshirt 2, 
333, Beige, Blocksun, Meh Dangerous Smoke 3, Hippy Hat, , Silver 2
334, Gotsun, Money, Meh Dangerous Smoke 2, Hiiya, Blank, 
335, Brown, Notfunny, Say Aah, Trendy W 1, Chemist, 
336, Nature, Puppy Dog, Buck Teeth, Good Idea, Hipsterneck, 
337, Light Brown, Love, Argh, Winter Hat, Poncho, Silver 1
338, No Signal, Multilevel, Meh, Hat 2, , 
339, Light Brown, Puppy Dog, Whatever, Prison, , 
340, Albino, See Stuff, Yesplease, , Onthesea, Silver 2
341, Brown, Bed, Say Aah, Whereisgiraffe, Bringcash, 
342, Gotsun, Money, Whatever, Comrade, Ymca, 
343, Acid, Notfunny, Say Aah, Winter Hat, , 
344, Checkered, Nothappy, Meh, Hiiya, , Multiple
345, Gotsun, Monocle, Yesplease, Trendy 1, Broken, 
346, Brown, Notfunny, Whatever, Prison, Make Fire, 
347, Void, Round Glasses, Meh, Jesus Alive, Rock, 
348, Lady, Monocle, Argh, Visor Hat, Alcatraz, 
349, Black, See Stuff, Moo, Winter Hat, Hoodie Red, Silver 2
350, Light Brown, Pressure, Meh, , Trench, Silver 1
351, Red, Devourer, Scowl, Service, Weapon Belt, 
352, Beige, Blocksun, Whatever, Rabbit, Piercings, 
353, Dark Brown, Notfunny, Moo, Hiiya, Wifeshirt 1, 
354, Black, Devourer, Meh, Whereisgiraffe, Sweet 16, Multiple
355, Blue, Reality, Dangerous Smoke 2, Whalehunter 1, Weapon Belt, 
356, Black, Money, Moo, Service, Fishnet Top, Multiple
357, Beige, Nothappy, Whatever, Comrade, Hipsterneck, Silver 2
358, Lady, Notfunny, Nofeelingwell, , Shirt Of Flames, 
359, Africa Animal, Pressure, Say Aah, Trendy 1, Sweet Jacket, 
360, Dark Brown, Nothappy Longer, What, Leprechaun, Hoodie Red, Silver 1
361, Easter Egg, Bed, Bling, , , 
362, Color Dots, Dontsee, Say Aah, Hidehairs, Praetexta, Silver 1
363, Albino, Notfunny, Funny, Catch Robbers, Trash, 
364, Beige, Bed, Meh, , Rappers, Silver 1
365, Blue, Nothappy, Moo, Cook, Wifeshirt 2, 
366, Light Brown, Puppy Dog, Whatever, Trendy 1, Ymca, 
367, Grey, See Stuff, Dangerous Smoke 2, Visor Hat, Bang Bang, 
368, Color Dots, Undead, Bling, Leprechaun, , Silver 1
369, Machine, Round Glasses, Meh, Small Child, Great T-Shirt, Silver 2
370, Black, Blocksun, Whatever, Antique, Bringcash, Multiple
371, Neon Glow, Machine, Meh, Punk Short, Rappers, Silver 1
372, Grey, Money, Moo, , , 
373, Void, Bed, Scowl, , , 
374, Red, Blocksun, Meh, Trendy W 2, Hipsterneck, 
375, Light Brown, See Stuff, Scowl, Visor Hat, , 
376, Woke From Dead, Pressure, Whatever, Hidehairs, Fishnet Top, 
377, Brown, Reality, What, , Vegas Dancer, 
378, Beige, Future, Meh, , Blank, 
379, Nature, Bed, Whatever, Hat 2, , Silver 1
380, Red, Dontsee, Dangerous Smoke 3, Comrade, Praetexta, 
381, Color Dots, Notfunny, Whatever, , Fashion Accesory, 
382, Brown, See Stuff, Moo, Devil, Not A Suit, Ear Cuff
383, Neon Glow, Pirate, What, Leprechaun, Sweet Jacket, 
384, Light Brown, Not Nice, Meh, Hiiya, Broken, 
385, Beige, Dontsee, Whatever, Leprechaun, Lingerie, Ear Cuff
386, Africa Animal, Pirate, Meh Dangerous Smoke 2, Devil, Robinson, 
387, Neon Glow, Lazer, Dangerous Smoke 1, , Overalls, Gold 2
388, Grey, Notfunny, Scowl, Whereisgiraffe, Vegas Dancer, 
389, Au, See Stuff, Hipster Stache, , Ay Sailor, 
390, Light Brown, Dontsee, Meh, Trendy 2, , 
391, Dark Brown, See Stuff, Meh Dangerous Smoke 2, Jesus Alive, Weapon Belt, 
392, Checkered, Dontsee, Meh, , Fashion Accesory, Multiple
393, Blue, Bed, What, Small Child, , Gold 2
394, Brown, Devourer, Meh, Trendy W 2, Onthesea, 
395, Dark Brown, Dontsee, Now, , Nowar, 
396, Easter Egg, Machine, Whatever, Hiiya, Chemist, Silver 2
397, Dark Brown, Pressure, Now, Rabbit, Rock, Jesus
398, Brown, Snake, Moo, , , 
399, Black, See Stuff, Dangerous Smoke 3, Fetish, , Silver 2
400, Dark Brown, Pressure, Meh Dangerous Smoke 2, Cat Ears, Bringcash, 
401, Grey, Love, Dangerous Smoke 2, Trendy 1, Nofire, 
402, Albino, Nothappy, Moo, , Hipsterneck, 
403, Brown, Multilevel, Meh, Punk Short, , 
404, Dark Brown, See Stuff, Dangerous Smoke 2, Mafia, Blank, 
405, Blue, Notfunny, Food, Have Fun 1, Cycle, 
406, Beige, Multilevel, Dangerous Smoke 3, Hat 3, Blank, Multiple
407, Dark Brown, Love, Moo, Trendy W 1, Alcatraz, 
408, Grey, Nothappy Longer, Dangerous Smoke 2, Trick Hat, Preshistoric, 
409, Gotsun, Nothappy, Argh, Prison, Lingerie, Ear Cuff
410, Dark Brown, Notfunny, No Teeth, , Onthesea, 
411, Candy Cane, Nothappy, What, Hat 3, , Silver 2
412, Grey, Monocle, Whatever, Small Child, Ay Sailor, 
413, Black, Notfunny, Argh, Hippy Hat, Trench, 
414, Vector, Pressure, Gold Bling, Whalehunter 1, Gentleman, Ear Cuff
415, Albino, Bed, What, , Shirt Of Flames, 
416, Light Brown, Undead, Meh, Trendy 2, , 
417, Brown, Dead, Blow Bubble, Service, Blank, 
418, Bloodbath, Love, Yesplease, , , 
419, Light Brown, Future, Say Aah, , Great T-Shirt, Ear Cuff
420, Albino, Dontsee, Bling, Jesus Alive, Bringcash, 
421, Color Dots, Lazer, What, , Nofire, 
422, Albino, Pirate, Yesplease, Trendy W 1, Trench, Gold 1
423, Beige, Notfunny, Dangerous Smoke 1, Trendy W 2, Nofire, 
424, Black, Multilevel, Say Aah, , Cuba, Silver 1
425, Blue, Money, Meh Dangerous Smoke 3, , Ymca, 
426, Brown, Notfunny, Yesplease, Antique, Great T-Shirt, 
427, Black, Nothappy, Dangerous Smoke 2, , Sweet Jacket, 
428, Blue, Notfunny, Meh, , Make Fire, 
429, Light Brown, Undead, Whatever, , Ymca, 
430, Neon Glow, Round Glasses, Argh, , Hipster Shirt, Multiple
431, Light Brown, Notfunny, Bling, , Bringcash, Silver 2
432, Brown, Puppy Dog, Meh Dangerous Smoke 2, Hiiya, Weapon Belt, 
433, Candy Cane, Bed, Meh, Have Fun 1, , Multiple
434, Machine, Love, Dangerous Smoke 2, , Wifeshirt 2, Silver 1
435, Woke From Dead, Undead, Meh, War Helmet, , Gold 1
436, Bloodbath, Reality, Hipster Stache, Hiiya, , Silver 2
437, Brown, Nothappy Longer, Moo, Trendy 1, Not A Suit, 
438, Black, Pressure, Meh, , Honololu, 
439, Light Brown, Machine, Dangerous Smoke 2, Cat Ears, , Ear Cuff
440, Gotsun, Pressure, Moo, Trendy 1, Vegas Dancer, 
441, Grey, Machine, Dangerous Smoke 1, Punk Short, Chemist, Silver 2
442, Black, Reality, What, , Hoodie Red, Gold 1
443, Dark Brown, Bed, Dangerous Smoke 1, Trendy 1, , 
444, Easter Egg, Machine, Meh Dangerous Smoke 1, Warhat 2, Make Fire, 
445, Woke From Dead, Pressure, Whatever, Cook, Honololu, 
446, Light Brown, Puppy Dog, Bling, Visor Hat, Make Fire, 
447, Brown, Nothappy, Meh, , Vest, 
448, Red, Monocle, Dangerous Smoke 3, War Helmet, Blazer Black, 
449, Grey, Undead, Whatever, , Rappers, 
450, Bloodbath, Future, Hipster Stache, Prison, , 
451, Dark Brown, Nothappy Longer, Meh Blow Bubble, Service, Multicolor, Gold 2
452, Black, Dontsee, Now, Hidehairs, Piercings, Silver 2
453, Blue, Devourer, Meh Dangerous Smoke 2, , Poncho, 
454, Woke From Dead, Notfunny, Say Aah, , Fashion Accesory, 
455, Beige, Devourer, Whatever, Prison, , Silver 2
456, Gotsun, Multilevel, Meh Dangerous Smoke 2, Warhat 1, Vest, 
457, Brown, Dontlook, Meh, Hat 1, , 
458, Gotsun, Nothappy Longer, Yesplease, Have Fun 1, Praetexta, 
459, Red, Bed, Funny, Cat Ears, , 
460, Albino, Pew, Meh, Service, Trash, 
461, Machine, Snake, Whatever, Cook, Cuba, 
462, Blue, Notfunny, Moo, , Vegas Dancer, 
463, Checkered, Undead, Argh, , Sweet Jacket, 
464, Machine, Puppy Dog, Whatever, , Honololu, 
465, Holo Rainbow, Dontsee, Meh Dangerous Smoke 2, , Wifeshirt 2, 
466, Color Dots, Machine, Meh, , , 
467, Dark Brown, Notfunny, Whatever, Trendy 1, Ay Sailor, Silver 2
468, Machine, Money, Meh, Cat Ears, Piercings, 
469, Albino, Nothappy, No Teeth, , Fashion Accesory, 
470, Neon Glow, Notfunny, Meh, Prison, Wifeshirt 2, 
471, Brown, Round Glasses, Whatever, , Hipster Shirt, 
472, Light Brown, Dontlook, Now, , Rappers, Silver 2
473, Albino, Multilevel, Meh, Notsmart, , 
474, Woke From Dead, Puppy Dog, Dangerous Smoke 3, Comrade, Preshistoric, Ear Cuff
475, Africa Animal, Notfunny, Buck Teeth, Whereiswhale, Hoodie Red, Silver 1
476, Brown, Bed, Moo, Hat 3, Poncho, 
477, Beige, Notfunny, Say Aah, , , 
478, Void, Dontlook, Moo, , Not A Suit, 
479, Checkered, Round Glasses, Meh, Hat 1, Nowar, 
480, Light Brown, Love, Whatever, Trendy 1, Multicolor, 
481, Brown, Pirate, Dangerous Smoke 3, Whereisgiraffe, Blank, Jesus
482, Black, Pressure, Rainbow, Mafia, Honololu, 
483, Lady, Bed, Meh, Jesus Alive, , Silver 2
484, No Signal, Machine, What, , , 
485, Red, Future, Meh Dangerous Smoke 2, , Nofire, Gold 1
486, Beige, Machine, Dangerous Smoke 2, Comrade, , 
487, Light Brown, Nothappy Longer, Yesplease, , Multicolor, Silver 2
488, Dark Brown, Monocle, Dangerous Smoke 3, , Onthesea, 
489, Black, Pressure, Nofeelingwell, Whalehunter 1, Hipsterneck, 
490, Red, Dontsee, Moo, Hippy Hat, Bringcash, 
491, Light Brown, Love, Dangerous Smoke 2, , Multicolor, Multiple
492, Gotsun, Not Nice, Sounds, Trendy 1, Wifeshirt 2, Silver 2
493, Albino, See Stuff, Scowl, , , 
494, Black, Bed, Meh, Winter Hat, Robinson, 
495, Holo Rainbow, Round Glasses, Whatever, , Fishnet Top, 
496, Brown, Blocksun, Moo, Service, Alcatraz, 
497, Black, Love, Now, , , 
498, Dark Brown, Notfunny, Whatever, , Rappers, 
499, Neon Glow, Pressure, Meh, Prison, , 
500, Africa Animal, Reality, Scowl, Whereiswhale, Hirewomen, 
501, Dark Brown, Dontlook, Whatever, Trendy 1, Overalls, 
502, Woke From Dead, Devourer, Meh, Hiiya, Praetexta, 
503, Candy Cane, Snake, Whatever, , , Gold 1
504, Lady, Blocksun, Say Aah, , Cool T-Shirt, 
505, Black, Pirate, Whatever, Trick Hat, Ymca, 
506, Brown, Monocle, Meh, Hat 3, Blank, 
507, Dark Brown, See Stuff, Whatever, Whalehunter 1, Cuba, Gold 1
508, Black, Dontsee, Meh, Prison, Hippy, Silver 1
509, Brown, Pressure, Scowl, Trendy 1, Vegas Dancer, 
510, Gotsun, Reality, Meh, Hiiya, Trash, 
511, Black, Not Nice, Moo, Trick Hat, Blank, 
512, Grey, Dontsee, Food, Comrade, , Silver 1
513, Beige, Notfunny, Meh, , Hippy, 
514, Machine, Dontsee, Say Aah, Hat 3, Fashion Accesory, 
515, Black, Bed, Argh, Jesus Alive, Lingerie, 
516, No Signal, Nothappy Longer, Moo, , , 
517, Gotsun, Love, Meh, , , Silver 1
518, Light Brown, Bed, Moo, Whalehunter 2, Alcatraz, 
519, Black, Pressure, Whatever, Warhat 2, Ay Sailor, 
520, Machine, Bed, Say Aah, , Hipsterneck, 
521, Gotsun, Nothappy Longer, Meh, , Onthesea, 
522, Brown, Bed, Now, Visor Hat, Honololu, Ear Cuff
523, Bad Machine, Pirate, Gold Bling, Trendy 1, Trash, 
524, Brown, Nothappy Longer, What, , Cuba, Silver 1
525, Grey, Dontsee, Meh, Punk Short, Hirewomen, 
526, Africa Animal, Devourer, Meh Dangerous Smoke 2, Whalehunter 2, Wifeshirt 1, Gold 1
527, Dark Brown, Undead, Buck Teeth, Winter Hat, Cycle, 
528, Lady, Dontsee, Meh Dangerous Smoke 2, Devil, , Gold 2
529, Black, Undead, Whatever, Prison, , Silver 2
530, Brown, Machine, Meh Higschool, Mafia, Great T-Shirt, 
531, Blue, Notfunny, Scowl, Whereiswhale, Sweet Jacket, Multiple
532, Dark Brown, Pressure, Meh Dangerous Smoke 3, Comrade, Overalls, 
533, Black, Devourer, Funny, , Trash, 
534, Red, Money, Meh Blow Bubble, Cook, Wifeshirt 1, 
535, Brown, Puppy Dog, Whatever, Notsmart, , 
536, Beige, Dontsee, Food, Small Child, , 
537, Black, Notfunny, Whatever, , Onthesea, 
538, Woke From Dead, Future, Moo, , Honololu, 
539, Neon Glow, Not Nice, Buck Teeth, , Nowar, 
540, Candy Cane, Dontsee, Meh Blow Bubble, Whereiswhale, , Silver 1
541, Light Brown, Notfunny, Meh Dangerous Smoke 1, Punk Short, , 
542, Brown, Multilevel, Argh, Hiiya, Gentleman, 
543, Light Brown, Monocle, Funny, Hat 1, Onthesea, Silver 1
544, Lady, Notfunny, Whatever, Mafia, Chemist, 
545, Africa Animal, Dontsee, Dangerous Smoke 2, Notsmart, Iced Tee, 
546, Dark Brown, Notfunny, Scowl, Trendy 1, Honololu, Ear Cuff
547, Black, Pressure, Meh Dangerous Smoke 3, Punk Short, Chemist, 
548, No Signal, Snake, Whatever, Hat 2, Blank, 
549, Color Dots, Nothappy Longer, Say Aah, Hat 1, Onthesea, Silver 2
550, Light Brown, Devourer, Whatever, Warhat 2, Vest, 
551, Black, Multilevel, Meh Dangerous Smoke 3, Hat 3, Sweet Jacket, 
552, Easter Egg, Monocle, Funny, Devil, Costume Old, 
553, Lady, Notfunny, Meh, , Sweet Jacket, 
554, Red, See Stuff, Moo, Jesus Alive, Blazer Black, 
555, Neon Glow, Reality, Meh, Devil, Preshistoric, 
556, Black, Nothappy Longer, Moo, Jesus Alive, Chemist, Gold 2
557, Grey, See Stuff, Say Aah, , Onthesea, 
558, Light Brown, Multilevel, Higschool, Hat 1, Hipster Shirt, 
559, Vector, Love, Scowl, Service, Multicolor, Silver 2
560, Beige, Pressure, Meh, Visor Hat, Fashion Accesory, 
561, Grey, Nothappy Longer, Argh, Prison, Blank, Silver 2
562, No Signal, Notfunny, Moo, Whereiswhale, , 
563, Black, Money, Funny, Cat Ears, , 
564, Brown, Notfunny, Whatever, Notsmart, Bringcash, 
565, No Signal, Pressure, Moo, , , Gold 2
566, Vector, Dontsee, Whatever, Hat 2, Rappers, 
567, Bad Machine, Notfunny, Scowl, , , 
568, Light Brown, Pressure, Meh, Trendy W 1, Make Fire, 
569, Dark Brown, Monocle, Dangerous Smoke 1, Mafia, Sweet Jacket, 
570, Checkered, Bed, Whatever, Hiiya, Vest, 
571, Beige, Round Glasses, Moo, Visor Hat, Wifeshirt 1, Ear Cuff
572, Lady, Pressure, Meh, Trick Hat, Make Fire, 
573, Red, Nothappy, Argh, Whereiswhale, Preshistoric, Multiple
574, Black, Dontsee, Whatever, Visor Hat, Blank, 
575, Light Brown, Round Glasses, Meh Dangerous Smoke 2, , Sweet Jacket, Silver 2
576, Africa Animal, Bed, Moo, , Moon, 
577, Woke From Dead, Machine, Meh, Good Idea, Cycle, 
578, Red, See Stuff, Moo, Prison, Blank, Silver 2
579, Beige, Pressure, Whatever, Antique, Wifeshirt 2, Silver 1
580, No Signal, Bed, Meh, , , Jesus
581, Dark Brown, Dontsee, Rainbow, Service, Poncho, 
582, Blue, Machine, Dangerous Smoke 2, Whalehunter 1, Wifeshirt 2, 
583, Brown, Monocle, Argh, Side Shave, Bringcash, 
584, Africa Animal, Puppy Dog, Whatever, Service, Hipster Shirt, 
585, Lady, Multilevel, Moo, , Onthesea, 
586, Grey, Pressure, Dangerous Smoke 2, Hiiya, Alcatraz, 
587, Neon Glow, Nothappy, Whatever, Whereisgiraffe, Overalls, 
588, Candy Cane, Notfunny, Meh Dangerous Smoke 2, Trendy W 1, Cycle, 
589, Light Brown, Machine, Argh, Hiiya, Cool T-Shirt, 
590, Lady, Nothappy Longer, Meh, Fetish, Trench, 
591, Easter Egg, Multilevel, Whatever, Warhat 1, Rock, 
592, Dark Brown, See Stuff, Yesplease, Rabbit, Vest, 
593, Color Dots, Nothappy Longer, Meh, Have Fun 1, Blank, 
594, Nature, Dontsee, What, , Not A Suit, 
595, Color Dots, Nothappy Longer, Whatever, , Blazer Black, 
596, Red, Notfunny, Food, Prison, , 
597, Grey, Bed, Moo, Winter Hat, Trash, 
598, Neon Glow, Puppy Dog, Meh, , , 
599, Woke From Dead, Dontsee, Blow Bubble, Punk Short, Great T-Shirt, 
600, Africa Animal, Pirate, Say Aah, War Helmet, Hippy, 
601, Neon Glow, Notfunny, Meh, Trendy 1, Blank, 
602, Bloodbath, Pressure, Whatever, Winter Hat, , Silver 1
603, Beige, Future, Argh, Whalehunter 2, Sweet Jacket, 
604, Brown, Bed, Whatever, , Hipsterneck, 
605, Dark Brown, Notfunny, Dangerous Smoke 2, Comrade, Sweet Jacket, 
606, Gotsun, Monocle, What, Prison, Onthesea, Silver 2
607, Lady, Multilevel, Whatever, Winter Hat, Piercings, 
608, Grey, Puppy Dog, Meh Higschool, Hidehairs, Onthesea, 
609, Checkered, Notfunny, Meh, Cook, , 
610, Lady, Reality, Meh Dangerous Smoke 2, Cat Ears, Multicolor, Silver 1
611, Grey, Notfunny, Whatever, , Knight Armor, Silver 2
612, Bloodbath, Machine, Meh, Jesus Alive, , Ear Cuff
613, Machine, Not Nice, Argh, Mafia, Cuba, 
614, Grey, Multilevel, Meh, Service, Broken, Gold 1
615, Neon Glow, Blocksun, Dangerous Smoke 2, Devil, Chemist, 
616, Lady, Puppy Dog, Meh, Rule All, Robinson, 
617, Void, Money, Moo, , , 
618, Light Brown, Notfunny, Meh Dangerous Smoke 2, Have Fun 2, Cycle, 
619, Brown, Pressure, Whatever, Prison, Wifeshirt 2, 
620, Bad Machine, Undead, Yesplease, Devil, , Gold 1
621, Red, Notfunny, Nofeelingwell, , Not A Suit, 
622, Checkered, Undead, Whatever, , Multicolor, 
623, Brown, Machine, Bling, Whereiswhale, Praetexta, 
624, Black, Notfunny, Whatever, Comrade, Broken, 
625, Gotsun, Pressure, Argh, Small Child, Wifeshirt 1, Gold 2
626, Beige, Devourer, Dangerous Smoke 2, , Blank, 
627, Grey, Dontsee, Meh, , Robinson, Silver 1
628, Dark Brown, Nothappy Longer, Whatever, Have Fun 2, Fishnet Top, 
629, Grey, Notfunny, Dangerous Smoke 2, Winter Hat, Bang Bang, 
630, Black, Dead, Nofeelingwell, Service, , 
631, Light Brown, Bed, Meh, , Wifeshirt 2, 
632, Easter Egg, Monocle, Say Aah, Trendy 2, Fishnet Top, Multiple
633, Black, Pressure, Meh, , Preshistoric, Jesus
634, Grey, Undead, Whatever, , Iced Tee, 
635, Dark Brown, Machine, Meh Dangerous Smoke 2, , Poncho, 
636, Gotsun, Monocle, No Teeth, Prison, Honololu, 
637, Brown, Round Glasses, Meh Dangerous Smoke 1, Visor Hat, Ay Sailor, 
638, Black, Undead, Scowl, Prison, Vest, Silver 2
639, Void, Snake, What, Mafia, Hipsterneck, 
640, Candy Cane, Puppy Dog, Meh, Punk Short, , 
641, Neon Glow, Dead, Whatever, , , 
642, Beige, Nothappy Longer, No Teeth, Cat Ears, Nofire, 
643, Dark Brown, Bed, Higschool, Whereisgiraffe, Chemist, Multiple
644, Grey, Pressure, Funny, Notsmart, Alcatraz, Silver 1
645, Black, Monocle, Dangerous Smoke 2, War Helmet, Sweet Jacket, 
646, Brown, Snake, Meh, Whereiswhale, , 
647, Machine, Pressure, Argh, Antique, Ay Sailor, 
648, Color Dots, Notfunny, Meh Dangerous Smoke 2, Cook, Trash, 
649, Light Brown, Not Nice, Meh, Hat 2, Costume Old, 
650, Neon Glow, Puppy Dog, Meh Dangerous Smoke 2, Comrade, Nofire, Silver 2
651, Color Dots, Devourer, What, Leprechaun, Onthesea, 
652, Dark Brown, Nothappy Longer, Meh, Whalehunter 2, Preshistoric, Silver 2
653, Brown, Dead, Whatever, , Chemist, 
654, Blue, Money, Meh, , Overalls, 
655, Lady, Love, Dangerous Smoke 2, Hiiya, Cuba, Jesus
656, Black, Monocle, Argh, , , 
657, Beige, Pirate, Moo, , Ay Sailor, Gold 1
658, Brown, Money, Meh, , Overalls, 
659, Black, Notfunny, Rainbow, Catch Robbers, Nowar, 
660, Light Brown, Love, Meh Dangerous Smoke 2, Leprechaun, Vest, Silver 2
661, Woke From Dead, Dontsee, Say Aah, Have Fun 2, Cool T-Shirt, 
662, Beige, Bed, No Teeth, , Robinson, 
663, Neon Glow, Pirate, What, Have Fun 1, Cycle, 
664, Machine, Nothappy, Meh, Trendy 1, Sweet 16, 
665, Light Brown, Dontlook, Scowl, Punk Short, , Gold 2
666, Gotsun, Nothappy Longer, What, , Wifeshirt 2, 
667, No Signal, Dead, Meh, Side Shave, , 
668, Dark Brown, Reality, What, , , 
669, Brown, Notfunny, Argh, Devil, Bang Bang, 
670, Black, Blocksun, Say Aah, Comrade, Bringcash, 
671, Easter Egg, Pressure, Argh, Hiiya, Preshistoric, 
672, Brown, Snake, No Teeth, Hat 3, Honololu, 
673, Grey, Not Nice, Moo, Mafia, Wifeshirt 2, 
674, Brown, Nothappy Longer, Blow Bubble, Whalehunter 1, Preshistoric, 
675, Light Brown, Money, Whatever, Whalehunter 2, Hipsterneck, Silver 1
676, Gotsun, Undead, Moo, , , Gold 1
677, Holo Rainbow, Multilevel, Argh, Cook, , Silver 1
678, Grey, Dead, Meh, Whalehunter 1, Cycle, Gold 2
679, Black, Future, Dangerous Smoke 1, , Wifeshirt 1, 
680, Albino, Pressure, Yesplease, , , 
681, Vector, Pew, Meh, , Piercings, Silver 1
682, Candy Cane, Pressure, Meh Dangerous Smoke 3, Cook, , 
683, Void, Notfunny, Dangerous Smoke 2, , , 
684, Holo Rainbow, Not Nice, Whatever, Whereiswhale, Ay Sailor, 
685, Neon Glow, Notfunny, Funny, Cook, Nofire, Silver 1
686, Dark Brown, Devourer, Meh, Visor Hat, Ay Sailor, Gold 1
687, Vector, Notfunny, No Teeth, Cat Ears, Hipster Shirt, 
688, Beige, Nothappy Longer, Argh, Warhat 1, Honololu, 
689, Brown, Nothappy, Say Aah, , Hoodie Black, 
690, Blue, Dontsee, Yesplease, , Wifeshirt 2, 
691, Au, Love, Whatever, Hiiya, , Silver 2
692, Gotsun, Puppy Dog, Rainbow, , Wifeshirt 1, 
693, Red, See Stuff, Yesplease, Antique, Rappers, Gold 2
694, Grey, Notfunny, Whatever, Jesus Alive, , 
695, Beige, Pressure, Meh, Prison, , 
696, Gotsun, Multilevel, Argh, Whereiswhale, Multicolor, 
697, Albino, Bed, Moo, Fetish, Robinson, Silver 1
698, Dark Brown, Dontsee, Dangerous Smoke 3, , Preshistoric, 
699, Machine, Nothappy Longer, Yesplease, Trendy 1, Bang Bang, Gold 2
700, Black, Reality, Meh Blow Bubble, Leprechaun, Hipsterneck, 
701, Neon Glow, Money, Nofeelingwell, War Helmet, Praetexta, 
702, Gotsun, Pirate, Blow Bubble, Notsmart, Robinson, 
703, Dark Brown, Notfunny, Moo, Warhat 1, Vest, 
704, Light Brown, Puppy Dog, Argh, Hat 2, Gentleman, 
705, Albino, Dead, Say Aah, , Great T-Shirt, Multiple
706, Black, Dontsee, Meh, Prison, Blazer Black, 
707, Dark Brown, Notfunny, Moo, Warhat 2, Cool T-Shirt, 
708, Blue, Nothappy, Whatever, , Onthesea, Silver 1
709, Albino, Nothappy Longer, Nofeelingwell, , Chemist, Silver 2
710, Dark Brown, Round Glasses, Meh, Hiiya, Sweet Jacket, 
711, Machine, Nothappy, Higschool, Prison, Blank, 
712, Albino, Pressure, What, Hat 3, Fashion Accesory, Silver 2
713, Woke From Dead, Future, Whatever, Rabbit, Blank, 
714, Light Brown, Dontlook, Argh, Punk Short, Broken, Multiple
715, Beige, Dontsee, Dangerous Smoke 2, Hat 2, Preshistoric, 
716, Black, Multilevel, Whatever, Side Shave, Hipster Shirt, 
717, Red, Blocksun, Moo, , Honololu, 
718, Dark Brown, Nothappy Longer, Blow Bubble, , Chemist, 
719, Color Dots, Notfunny, Knife, Rabbit, Not A Suit, 
720, Dark Brown, Pressure, Whatever, Punk Short, Chemist, Multiple
721, Gotsun, See Stuff, Funny, Prison, Fashion Accesory, 
722, Africa Animal, Multilevel, Moo, Mafia, Hippy, Silver 1
723, Gotsun, Dead, Nofeelingwell, Visor Hat, Preshistoric, 
724, Blue, Pirate, Blow Bubble, Cat Ears, Rock, Silver 2
725, Nature, Blocksun, Meh, Comrade, Cycle, 
726, Bad Machine, See Stuff, Knife, Hat 2, Cool T-Shirt, 
727, Brown, Notfunny, Dangerous Smoke 1, , Alcatraz, 
728, Red, Dontsee, Meh, Comrade, Not A Suit, 
729, Stars And Stripes, Money, What, Fetish, , 
730, Dark Brown, Bed, Sounds, Have Fun 1, Overalls, 
731, Light Brown, Pirate, What, Rule All, Wifeshirt 1, 
732, Neon Glow, Round Glasses, Say Aah, Notsmart, Fashion Accesory, 
733, Grey, Dontsee, What, Hiiya, Blank, Jesus
734, Bloodbath, See Stuff, Meh Dangerous Smoke 2, Leprechaun, Piercings, 
735, Lady, Notfunny, Whatever, , Robinson, Silver 1
736, Beige, Pressure, Blow Bubble, Headset, , 
737, Black, Dontlook, Meh, , Preshistoric, Silver 2
738, Light Brown, Pirate, Argh, Winter Hat, Cuba, 
739, Red, Bed, Meh, Whereiswhale, Blank, 
740, Brown, Pirate, Blow Bubble, Whalehunter 2, Ay Sailor, 
741, Light Brown, Notfunny, Whatever, Rabbit, Hippy, 
742, Vector, Pressure, Bling, Mafia, Bang Bang, Gold 1
743, Africa Animal, Notfunny, Argh, , Gentleman, Multiple
744, Beige, Multilevel, Meh, , Vest, Silver 1
745, Albino, Dead, What, Whalehunter 2, Hipsterneck, 
746, Dark Brown, Dontsee, Moo, Visor Hat, Chemist, 
747, Neon Glow, Pressure, Argh, Small Child, Blank, 
748, Machine, Notfunny, Whatever, , Rappers, Silver 1
749, Red, Nothappy, Scowl, Cat Ears, Vest, 
750, Dark Brown, Money, Meh, Prison, Preshistoric, 
751, Nature, Blocksun, Dangerous Smoke 2, Warhat 1, Cool T-Shirt, Jesus
752, Machine, Nothappy Longer, Yesplease, Prison, Rappers, 
753, Beige, Dontsee, Meh, Jesus Alive, Nofire, Silver 1
754, Light Brown, Pressure, Argh, , Knight Armor, 
755, Candy Cane, Notfunny, Blow Bubble, , , 
756, Light Brown, Pressure, Say Aah, , , Ear Cuff
757, Easter Egg, Notfunny, Meh Blow Bubble, Warhat 1, , 
758, Blue, Not Nice, Meh, Prison, Wifeshirt 2, 
759, Woke From Dead, Pressure, Whatever, Hat 1, Sweet Jacket, 
760, Albino, Dontsee, Say Aah, Whereisgiraffe, Vest, 
761, Blue, Pirate, Meh Dangerous Smoke 2, , Wifeshirt 2, Silver 1
762, Light Brown, Money, Argh, Hidehairs, Lingerie, 
763, Candy Cane, See Stuff, Whatever, Cook, , 
764, Dark Brown, Not Nice, Meh Dangerous Smoke 3, , Robinson, 
765, Black, Machine, Whatever, Trick Hat, , 
766, Beige, Bed, Meh Food, , Hippy, 
767, Bloodbath, Devourer, Dangerous Smoke 2, , , 
768, Gotsun, Dontlook, Whatever, Jesus Alive, Iced Tee, 
769, Light Brown, Pirate, Dangerous Smoke 2, Warhat 2, Ymca, 
770, Black, Round Glasses, Say Aah, , Knight Armor, 
771, Light Brown, Money, Dangerous Smoke 2, Hat 3, , Ear Cuff
772, Black, Notfunny, Say Aah, , , Gold 1
773, No Signal, Money, Dangerous Smoke 3, Hat 1, , 
774, Dark Brown, Pirate, Meh, Prison, Nowar, Multiple
775, Checkered, Dead, Now, Whalehunter 1, Fishnet Top, 
776, Black, Notfunny, Say Aah, Devil, , Silver 2
777, Woke From Dead, See Stuff, Meh Knife, , Cool T-Shirt, 
778, Lady, Notfunny, Meh Dangerous Smoke 2, , Nowar, 
779, Albino, Nothappy, Moo, , Moon, Silver 2
780, Blue, Notfunny, Dangerous Smoke 1, Fetish, Preshistoric, Silver 1
781, Albino, Dontlook, Argh, Trendy 2, , Silver 2
782, Brown, Notfunny, Say Aah, Prison, Piercings, 
783, Dark Brown, Pressure, Moo, , Preshistoric, 
784, Africa Animal, Machine, Say Aah, Warhat 1, , 
785, Dark Brown, Notfunny, Dangerous Smoke 2, Whalehunter 2, Broken, 
786, Black, Blocksun, Nofeelingwell, Trendy 1, Hipster Shirt, Silver 1
787, Gotsun, Nothappy Longer, Meh, Hat 2, Bang Bang, 
788, Light Brown, Devourer, Argh, Hiiya, Vest, 
789, Vector, Reality, Whatever, Leprechaun, Preshistoric, 
790, Dark Brown, Pressure, Dangerous Smoke 2, Winter Hat, Vest, 
791, Brown, Notfunny, Moo, , Ymca, 
792, Machine, Dontsee, What, Cat Ears, Ay Sailor, Gold 1
793, Vector, Pressure, Say Aah, Leprechaun, Hippy, 
794, Black, Bed, Meh Dangerous Smoke 1, Prison, Rock, 
795, Easter Egg, Dontlook, Blow Bubble, Small Child, Ay Sailor, 
796, Bad Machine, Pirate, Meh, Headset, Weapon Belt, 
797, Lady, Nothappy Longer, Say Aah, Punk Short, Cycle, 
798, Red, Pressure, Nofeelingwell, , Cool T-Shirt, 
799, Gotsun, Nothappy, What, Jesus Alive, Cuba, Gold 2
800, Lady, Pirate, Argh, , Preshistoric, 
801, Red, Pressure, Whatever, Hiiya, Knight Armor, 
802, Brown, Money, Hipster Stache, Rabbit, Multicolor, 
803, Checkered, Multilevel, Meh Dangerous Smoke 3, , Broken, 
804, Lady, Undead, Argh, Rabbit, , 
805, Africa Animal, Nothappy, Meh, , Nowar, Silver 1
806, Lady, Puppy Dog, Dangerous Smoke 1, Side Shave, Preshistoric, 
807, Black, Notfunny, Whatever, Trendy 1, Lingerie, 
808, Woke From Dead, Dontsee, Now, Headset, Hipsterneck, 
809, Holo Rainbow, Nothappy Longer, Dangerous Smoke 3, , Rock, 
810, Red, Notfunny, Meh, , Nofire, 
811, Dark Brown, Dontsee, Now, Rabbit, Wifeshirt 2, 
812, Lady, Dontlook, Whatever, , Multicolor, Gold 1
813, Holo Rainbow, Nothappy Longer, Now, , Hipsterneck, Silver 1
814, Checkered, Puppy Dog, Whatever, Trendy 1, Trash, 
815, Machine, Pew, Moo, Whalehunter 1, Knight Armor, 
816, Beige, Money, What, , Not A Suit, Multiple
817, Light Brown, Not Nice, Now, Winter Hat, Trench, Silver 1
818, Black, See Stuff, Whatever, Trendy W 2, Wifeshirt 1, 
819, Woke From Dead, Multilevel, What, Trendy 2, Gentleman, 
820, Neon Glow, Dontsee, Moo, Whereiswhale, Cuba, 
821, Stars And Stripes, Multilevel, What, , , 
822, Machine, Nothappy, Meh Higschool, , Cool T-Shirt, 
823, Dark Brown, Round Glasses, Moo, , Hippy, 
824, Lady, Bed, Argh, , Lingerie, 
825, Grey, Notfunny, Say Aah, Rabbit, Rappers, 
826, Brown, Pressure, Moo, Small Child, Trash, 
827, Dark Brown, Dontsee, Say Aah, Good Idea, Poncho, Silver 1
828, Black, Dead, Whatever, Hiiya, Broken, 
829, Light Brown, Money, Meh, Have Fun 1, Nofire, 
830, Bloodbath, Pressure, Knife, Winter Hat, , 
831, Beige, Blocksun, Say Aah, Hiiya, Not A Suit, Ear Cuff
832, Light Brown, See Stuff, What, Small Child, Overalls, 
833, Dark Brown, Bed, Dangerous Smoke 2, , Wifeshirt 1, Silver 1
834, Light Brown, Notfunny, Rainbow, , , 
835, Gotsun, Puppy Dog, Whatever, Jesus Alive, Vegas Dancer, Gold 1
836, Dark Brown, Devourer, What, War Helmet, Multicolor, Gold 2
837, Gotsun, Multilevel, Meh, Trendy W 2, Nofire, 
838, Beige, Nothappy, Argh, Winter Hat, Poncho, 
839, Brown, Pirate, What, Trendy 2, Hipsterneck, Silver 2
840, Gotsun, Dontsee, Whatever, Antique, Overalls, 
841, Beige, Multilevel, Meh Dangerous Smoke 2, , Hippy, 
842, Blue, Bed, Dangerous Smoke 2, Prison, Trash, 
843, Brown, Undead, Meh, Whalehunter 2, Not A Suit, 
844, Black, Bed, Dangerous Smoke 2, Trendy 1, Ay Sailor, Silver 1
845, Machine, See Stuff, Argh, Leprechaun, , 
846, Albino, Bed, Meh, , Make Fire, 
847, Checkered, Dontsee, Whatever, Whereiswhale, Cuba, 
848, Color Dots, Puppy Dog, Meh Dangerous Smoke 3, Hidehairs, Cool T-Shirt, Silver 1
849, Lady, Multilevel, Say Aah, , Ok, 
850, Light Brown, Bed, Scowl, Cook, , 
851, Black, Love, Whatever, Trick Hat, Cool T-Shirt, 
852, Albino, Nothappy, Argh, Notsmart, Blank, 
853, Beige, Nothappy Longer, Say Aah, , Poncho, 
854, Holo Rainbow, Snake, Now, , , Stretched
855, Checkered, Blocksun, Argh, , Preshistoric, 
856, Red, Pressure, Whatever, , Blank, Silver 2
857, Dark Brown, Multilevel, Meh, Whalehunter 1, Ymca, Silver 1
858, Brown, Snake, Dangerous Smoke 2, , Knight Armor, 
859, Africa Animal, Notfunny, Rainbow, , Onthesea, Silver 1
860, Beige, See Stuff, Argh, , Preshistoric, 
861, Bloodbath, Pressure, Meh, Hat 1, Not A Suit, 
862, Gotsun, Machine, Whatever, Trendy 1, Nowar, 
863, Blue, Dontsee, Blow Bubble, , , 
864, Lady, Love, Scowl, Rule All, Cuba, 
865, Woke From Dead, Round Glasses, Dangerous Smoke 2, Cat Ears, Alcatraz, 
866, Black, Nothappy Longer, Meh, Service, Praetexta, Silver 1
867, Candy Cane, Nothappy, Say Aah, Whalehunter 2, , Multiple
868, Red, Pressure, Dangerous Smoke 2, Hat 2, Costume Old, 
869, Africa Animal, Machine, Whatever, Hidehairs, Make Fire, Gold 2
870, Dark Brown, Future, Dangerous Smoke 2, , Knight Armor, 
871, Beige, Puppy Dog, Now, , Cycle, 
872, Brown, Bed, Whatever, , Rappers, 
873, Gotsun, Monocle, Dangerous Smoke 2, Manbun, Trash, 
874, Acid, Nothappy Longer, Blow Bubble, , , 
875, Light Brown, Puppy Dog, Buck Teeth, Prison, Rock, Silver 2
876, Grey, Dontsee, Dangerous Smoke 1, Whalehunter 1, Preshistoric, 
877, Red, Notfunny, Yesplease, Punk Short, Make Fire, Silver 2
878, Holo Rainbow, Pressure, Moo, , Bang Bang, 
879, Woke From Dead, Dontlook, Whatever, Whalehunter 1, Vest, Gold 1
880, Black, Dead, Rainbow, Hiiya, Wifeshirt 2, 
881, Gotsun, See Stuff, Say Aah, , , 
882, Neon Glow, Nothappy Longer, Meh Dangerous Smoke 1, Have Fun 1, Broken, 
883, Void, Machine, Dangerous Smoke 2, Cat Ears, Honololu, 
884, Brown, Blocksun, What, Visor Hat, Praetexta, Silver 1
885, Beige, Pressure, Moo, Prison, Overalls, 
886, Vector, Pirate, Whatever, Whalehunter 1, Rock, 
887, Light Brown, Monocle, Argh, Side Shave, , Multiple
888, Gotsun, Bed, Meh, Winter Hat, Gentleman, 
889, No Signal, Love, Rainbow, Whalehunter 1, , 
890, Lady, Notfunny, Bling, , , 
891, Woke From Dead, Pirate, Say Aah, , Blank, 
892, Holo Rainbow, Undead, Whatever, Fetish, Onthesea, 
893, Stars And Stripes, Puppy Dog, Meh Dangerous Smoke 3, Hiiya, , 
894, Albino, Pressure, Gold Bling, Hat 3, Alcatraz, Silver 1
895, Blue, Money, Blow Bubble, Punk Short, Preshistoric, 
896, Lady, See Stuff, Meh, Mafia, Cool T-Shirt, 
897, Light Brown, Dead, Say Aah, Headset, Wifeshirt 1, 
898, Gotsun, Machine, Dangerous Smoke 2, Hiiya, , Silver 1
899, Checkered, Notfunny, Rainbow, , Nowar, 
900, Gotsun, Pirate, Whatever, Fetish, Not A Suit, 
901, Albino, Dontlook, Say Aah, , Multicolor, Multiple
902, Dark Brown, Devourer, Whatever, Catch Robbers, Hippy, 
903, Beige, Snake, Meh, , Fishnet Top, Gold 1
904, Brown, Notfunny, Whatever, , Ok, 
905, Bloodbath, Monocle, Yesplease, Winter Hat, , 
906, Albino, Snake, Whatever, Good Idea, Hipsterneck, 
907, Grey, Notfunny, Now, Hat 3, Trash, 
908, Candy Cane, Future, Whatever, Whereisgiraffe, Honololu, 
909, Light Brown, Pew, Buck Teeth, Trick Hat, Blank, 
910, Africa Animal, See Stuff, Meh Dangerous Smoke 3, , Hirewomen, Silver 1
911, Dark Brown, Nothappy, Meh, Headset, Onthesea, 
912, Light Brown, Notfunny, Now, Trendy 2, Alcatraz, Gold 2
913, Checkered, Love, Gold Bling, , , 
914, Beige, Round Glasses, Meh Dangerous Smoke 3, , Preshistoric, 
915, Bloodbath, Monocle, Say Aah, , , Gold 1
916, Black, Notfunny, Whatever, Whereiswhale, Moon, 
917, Blue, Nothappy, Scowl, Jesus Alive, Trash, Jesus
918, Albino, Round Glasses, Meh, Have Fun 1, , 
919, Dark Brown, Future, Whatever, Warhat 2, Cuba, 
920, Black, Notfunny, Now, Hat 1, Hipsterneck, Silver 2
921, Lady, Pirate, Gold Bling, Punk Short, Vest, 
922, Grey, Dontsee, Scowl, Trendy 2, Onthesea, 
923, Checkered, Pressure, Dangerous Smoke 2, Trendy 1, Sweet Jacket, 
924, Dark Brown, Pew, Dangerous Smoke 3, War Helmet, Overalls, 
925, Albino, Multilevel, Whatever, Prison, Hippy, 
926, Black, Blocksun, Argh, Whereisgiraffe, Ay Sailor, 
927, Light Brown, Money, Nofeelingwell, Cat Ears, Wifeshirt 2, 
928, Africa Animal, Dead, Meh Blow Bubble, Whalehunter 2, Praetexta, 
929, Vector, Dontsee, Funny, Whereiswhale, Wifeshirt 2, 
930, Neon Glow, Notfunny, Say Aah, Warhat 1, , 
931, Nature, Pressure, Whatever, Whereisgiraffe, Hipsterneck, Gold 2
932, Brown, Nothappy, Dangerous Smoke 2, , Lingerie, 
933, Blue, See Stuff, Now, Winter Hat, Robinson, 
934, Candy Cane, Not Nice, Gold Bling, , , 
935, Gotsun, Notfunny, Meh, Warhat 1, Alcatraz, 
936, Lady, Not Nice, Funny, , Make Fire, 
937, Bad Machine, Round Glasses, Dangerous Smoke 3, , Nowar, 
938, Light Brown, Pressure, Meh, Catch Robbers, Alcatraz, 
939, Brown, Reality, Whatever, Trick Hat, , 
940, Blue, Money, Yesplease, Hat 3, Trash, Silver 1
941, Vector, Notfunny, Meh Dangerous Smoke 2, Notsmart, Alcatraz, 
942, Red, Bed, Whatever, , Robinson, Silver 2
943, Black, Notfunny, Meh, Whalehunter 1, Piercings, 
944, Light Brown, Puppy Dog, Argh, Prison, Onthesea, 
945, Albino, Pressure, Meh, Hippy Hat, Sweet 16, Jesus
946, Woke From Dead, Machine, Dangerous Smoke 2, Mafia, Iced Tee, Silver 2
947, Black, Monocle, Whatever, Trendy 1, Weapon Belt, 
948, Beige, Pressure, Meh Dangerous Smoke 2, Mafia, Sweet Jacket, Silver 2
949, Holo Rainbow, Bed, What, Trendy W 2, Rock, 
950, Black, Notfunny, Dangerous Smoke 1, Visor Hat, Multicolor, 
951, Brown, Money, Say Aah, Hat 3, Overalls, 
952, Dark Brown, Dontsee, Food, Trendy 1, Multicolor, 
953, Gotsun, Nothappy Longer, Moo, , Not A Suit, Silver 1
954, Beige, Blocksun, Whatever, Trendy W 1, , 
955, Black, Bed, Dangerous Smoke 2, Warhat 1, Nofire, 
956, Albino, Nothappy, Argh, Fetish, Robinson, 
957, Vector, Love, Gold Bling, Trendy W 2, Costume Old, 
958, Beige, Pressure, What, Whereiswhale, Wifeshirt 2, 
959, Color Dots, Round Glasses, Now, , Multicolor, 
960, Albino, Monocle, Whatever, Headset, Wifeshirt 1, 
961, Brown, Dontsee, Funny, Hat 2, Bang Bang, 
962, Dark Brown, Money, Dangerous Smoke 2, , Broken, Silver 1
963, Easter Egg, Pressure, Scowl, Hiiya, Ay Sailor, Silver 2
964, Black, Nothappy Longer, Whatever, Prison, Vegas Dancer, 
965, Woke From Dead, Dontsee, Meh, Whereisgiraffe, Bringcash, 
966, Easter Egg, Pressure, Yesplease, , , 
967, Black, Nothappy, Whatever, Leprechaun, Bringcash, 
968, Gotsun, Blocksun, Say Aah, , , 
969, Brown, Multilevel, Dangerous Smoke 2, Service, Fashion Accesory, 
970, Gotsun, Notfunny, Meh, Hat 3, Rappers, Silver 1
971, Grey, Money, Meh Dangerous Smoke 2, Jesus Alive, Piercings, 
972, Nature, Pew, Meh Knife, Prison, , 
973, Black, Machine, Dangerous Smoke 2, Jesus Alive, Knight Armor, 
974, Dark Brown, See Stuff, Funny, Whalehunter 1, Cuba, Silver 2
975, Black, Dontlook, Dangerous Smoke 3, Prison, Not A Suit, 
976, Brown, Multilevel, Meh Dangerous Smoke 2, Leprechaun, Alcatraz, 
977, Easter Egg, Nothappy, Funny, Jesus Alive, Cycle, 
978, Light Brown, Monocle, Dangerous Smoke 2, , Gentleman, Ear Cuff
979, Vector, Blocksun, Higschool, Leprechaun, Hipsterneck, 
980, Brown, Nothappy Longer, Funny, Hat 3, Preshistoric, Jesus
981, Easter Egg, Notfunny, Whatever, Whereiswhale, Cuba, 
982, Bad Machine, Pressure, Rainbow, Small Child, Bang Bang, Silver 2
983, Brown, Bed, Meh Dangerous Smoke 2, , Bringcash, 
984, Dark Brown, Notfunny, Now, , Iced Tee, 
985, Woke From Dead, Pressure, Nofeelingwell, Whalehunter 2, Ay Sailor, 
986, Beige, Bed, Say Aah, Cat Ears, Weapon Belt, 
987, Light Brown, Notfunny, Meh, , Vest, 
988, Red, Multilevel, Funny, Whereiswhale, Ay Sailor, 
989, Black, Round Glasses, Higschool, Devil, , 
990, Brown, Devourer, Whatever, Antique, Great T-Shirt, Gold 2
991, Light Brown, Round Glasses, Dangerous Smoke 1, , Wifeshirt 1, 
992, Gotsun, Nothappy Longer, Meh Dangerous Smoke 2, Punk Short, Ymca, 
993, Nature, Undead, Whatever, Hiiya, Ay Sailor, 
994, Checkered, Multilevel, Moo, , , 
995, Machine, Dead, Meh Blow Bubble, Hiiya, Ay Sailor, 
996, Woke From Dead, See Stuff, Dangerous Smoke 3, Whalehunter 1, Broken, 
997, Easter Egg, Love, Whatever, Winter Hat, Overalls, 
998, Beige, Nothappy Longer, Yesplease, Leprechaun, Wifeshirt 2, 
999, Machine, Notfunny, Meh Dangerous Smoke 2, Service, Onthesea, 
